,name,assists,bonus,bps,clean_sheets,goals_conceded,goals_scored,own_goals,penalties_missed,penalties_saved,red_cards,saves,selected,total_points,transfers_balance,was_home,yellow_cards,opponent_difficulty,element,position,creativity,ict_index,influence,threat,value,perc_min_played,n6_opponent_difficulty,team_code,element_type_1,element_type_2,element_type_3,element_type_4,element_type
0,Aaron Connolly,0,0,27,0,3,1,0,0,0,0,0,164421,5,-9276,3,0,3.1666666666666665,78,FWD,0.0,0.0,0.0,0.0,53,0.07142857142857142,3.166666667,3,0,0,0,1,4
1,Aaron Mooy,0,0,0,0,0,0,0,0,0,0,0,5236,0,-52,3,0,3.1666666666666665,60,MID,0.0,0.0,0.0,0.0,50,0.0,3.166666667,3,0,0,1,0,3
2,Adam Lallana,0,0,15,0,0,0,0,0,0,0,0,136850,2,-3506,3,0,3.1666666666666665,54,MID,0.0,0.0,0.0,0.0,62,0.10476190476190476,3.166666667,3,0,0,1,0,3
3,Adam Webster,0,0,94,2,7,0,0,0,0,0,0,733992,16,-22721,3,2,3.1666666666666665,66,DEF,2.5,2.0,15.6,2.0,44,0.8571428571428571,3.166666667,3,0,1,0,0,2
4,Alexis Mac Allister,1,0,43,2,2,0,0,0,0,0,0,17535,12,71,3,1,3.1666666666666665,80,MID,12.5,2.2,0.0,11.0,53,0.4746031746031746,3.166666667,3,0,0,1,0,3
5,Alireza Jahanbakhsh,0,0,6,0,1,0,0,0,0,0,0,16263,2,-240,3,1,3.1666666666666665,71,MID,6.8,3.3,1.4,25.0,54,0.11904761904761904,3.166666667,3,0,0,1,0,3
6,Andi Zeqiri,0,0,0,0,0,0,0,0,0,0,0,28524,1,1417,3,0,3.1666666666666665,574,FWD,0.0,0.0,0.0,0.0,50,0.07142857142857142,3.166666667,3,0,0,0,1,4
7,Ben White,0,2,88,2,6,0,0,0,0,0,0,567231,18,-16514,3,0,3.1666666666666665,74,DEF,0.0,0.0,0.0,0.0,44,0.7142857142857143,3.166666667,3,0,1,0,0,2
8,Bernardo Fernandes da Silva Junior,0,0,27,0,2,0,0,0,0,0,0,3481482,4,-105432,3,0,3.1666666666666665,75,DEF,28.7,10.4,8.4,67.0,39,0.2857142857142857,3.166666667,3,0,1,0,0,2
9,Christian Walton,0,0,0,0,0,0,0,0,0,0,0,617595,0,7224,3,0,3.1666666666666665,503,GK,0.0,0.0,0.0,0.0,40,0.0,3.166666667,3,1,0,0,0,1
10,Dan Burn,0,0,56,1,7,0,1,0,0,0,0,164428,9,2370,3,1,3.1666666666666665,61,DEF,2.6,2.0,11.6,6.0,43,0.6793650793650794,3.166666667,3,0,1,0,0,2
11,Danny Welbeck,0,0,4,0,2,0,0,0,0,0,0,458794,2,-77621,3,0,3.1666666666666665,588,FWD,0.0,0.0,0.0,0.0,55,0.13015873015873017,3.166666667,3,0,0,0,1,4
12,Davy PrÃ¶pper,0,0,28,0,2,0,0,0,0,0,0,15813,7,-56,3,0,3.1666666666666665,59,MID,1.0,4.8,4.0,43.0,48,0.30952380952380953,3.166666667,3,0,0,1,0,3
13,Florin Andone,0,0,0,0,0,0,0,0,0,0,0,32129,0,-311,3,0,3.1666666666666665,64,FWD,0.0,0.0,0.0,0.0,48,0.0,3.166666667,3,0,0,0,1,4
14,Glenn Murray,0,0,0,0,0,0,0,0,0,0,0,41842,0,-474,3,0,3.1666666666666665,53,FWD,0.0,0.0,0.0,0.0,48,0.0,3.166666667,3,0,0,0,1,4
15,Jakub Moder,0,0,0,0,0,0,0,0,0,0,0,906,0,254,1,0,3.0,628,MID,0.0,0.0,0.0,0.0,50,0.0,3.166666667,3,0,0,1,0,3
16,Jason Steele,0,0,0,0,0,0,0,0,0,0,0,378360,0,-5234,3,0,3.1666666666666665,528,GK,0.0,0.0,0.0,0.0,40,0.0,3.166666667,3,1,0,0,0,1
17,Jayson Molumby,0,0,0,0,0,0,0,0,0,0,0,7375,0,-287,3,0,3.1666666666666665,550,MID,0.0,0.0,0.0,0.0,45,0.0,3.166666667,3,0,0,1,0,3
18,Jensen Weir,0,0,0,0,0,0,0,0,0,0,0,185,0,83,1,0,3.0,633,MID,0.0,0.0,0.0,0.0,45,0.0,3.166666667,3,0,0,1,0,3
19,JosÃ© Izquierdo,0,0,0,0,0,0,0,0,0,0,0,1241,0,81,3,0,3.1666666666666665,72,MID,0.0,0.0,0.0,0.0,55,0.0,3.166666667,3,0,0,1,0,3
20,JoÃ«l Veltman,0,3,89,2,5,0,0,0,0,0,0,203322,19,-6189,3,1,3.1666666666666665,67,DEF,34.9,6.0,21.2,4.0,43,0.7142857142857143,3.166666667,3,0,1,0,0,2
21,Leandro Trossard,2,3,73,2,6,0,0,0,0,0,0,311010,22,-8316,3,0,3.1666666666666665,69,MID,0.8,0.1,0.2,0.0,58,0.7015873015873015,3.166666667,3,0,0,1,0,3
22,Lewis Dunk,0,4,137,2,7,2,0,0,0,0,0,1197418,33,-5560,3,1,3.1666666666666665,62,DEF,11.5,3.4,16.0,6.0,48,0.8571428571428571,3.166666667,3,0,1,0,0,2
23,MartÃ­n Montoya,0,0,0,0,0,0,0,0,0,0,0,3711,0,-27,3,0,3.1666666666666665,63,DEF,0.0,0.0,0.0,0.0,45,0.0,3.166666667,3,0,1,0,0,2
24,Mathew Ryan,0,0,0,0,0,0,0,0,0,0,0,4397846,0,-287512,2,0,3.3333333333333335,70,GK,0.0,0.0,0.0,0.0,43,0.0,3.166666667,3,1,0,0,0,1
25,Matthew Clarke,0,0,0,0,0,0,0,0,0,0,0,2228,0,-21,3,0,3.1666666666666665,73,DEF,0.0,0.0,0.0,0.0,44,0.0,3.166666667,3,0,1,0,0,2
26,Max Sanders,0,0,0,0,0,0,0,0,0,0,0,132,0,37,1,0,3.0,632,MID,0.0,0.0,0.0,0.0,45,0.0,3.166666667,3,0,0,1,0,3
27,Neal Maupay,0,5,92,2,5,3,0,0,0,0,0,1090416,27,86340,3,0,3.1666666666666665,68,FWD,0.6,0.1,0.2,0.0,61,0.6253968253968254,3.166666667,3,0,0,0,1,4
28,Pascal GroÃ,0,0,43,2,1,0,0,0,0,0,0,252616,9,-70742,3,0,3.1666666666666665,57,MID,45.6,7.2,14.4,12.0,58,0.4396825396825397,3.166666667,3,0,0,1,0,3
29,Percy Tau,0,0,14,0,1,0,0,0,0,0,0,8472,3,3321,1,0,3.0,627,MID,0.1,0.1,1.2,0.0,55,0.13333333333333333,3.166666667,3,0,0,1,0,3
30,Reda Khadra,0,0,3,0,0,0,0,0,0,0,0,182,1,57,1,0,3.0,630,MID,0.0,0.0,0.0,0.0,45,0.006349206349206349,3.166666667,3,0,0,1,0,3
31,Robert SÃ¡nchez,0,1,107,2,7,0,0,0,0,0,15,349664,20,75107,3,0,3.1666666666666665,597,GK,0.0,2.0,19.6,0.0,44,0.8571428571428571,3.166666667,3,1,0,0,0,1
32,Shane Duffy,0,0,0,0,0,0,0,0,0,0,0,18242,0,-176,3,0,3.1666666666666665,58,DEF,0.0,0.0,0.0,0.0,43,0.0,3.166666667,3,0,1,0,0,2
33,Solomon March,1,0,53,2,5,0,0,0,0,0,0,653840,15,-18019,3,0,3.1666666666666665,65,MID,0.4,0.6,6.0,0.0,50,0.6412698412698413,3.166666667,3,0,0,1,0,3
34,Steven Alzate,0,0,4,0,2,0,0,0,0,0,0,426118,1,10751,3,0,3.1666666666666665,79,MID,0.0,0.0,0.0,0.0,43,0.07142857142857142,3.166666667,3,0,0,1,0,3
35,Tariq Lamptey,0,0,0,0,0,0,0,0,0,0,0,2559430,0,-566977,3,0,3.1666666666666665,77,DEF,0.0,0.0,0.0,0.0,47,0.0,3.166666667,3,0,1,0,0,2
36,Teddy Jenks,0,0,0,0,0,0,0,0,0,0,0,115,0,36,1,0,3.0,631,MID,0.0,0.0,0.0,0.0,45,0.0,3.166666667,3,0,0,1,0,3
37,Yves Bissouma,0,0,61,1,6,0,0,0,0,0,0,1183955,7,-86086,3,2,3.1666666666666665,76,MID,19.0,4.2,22.6,0.0,45,0.5444444444444444,3.166666667,3,0,0,1,0,3
38,Aaron Cresswell,3,5,141,3,5,0,0,0,0,0,0,7300965,36,813493,3,0,2.6666666666666665,435,DEF,43.0,6.8,25.0,0.0,54,0.8571428571428571,3.5,19,0,1,0,0,2
39,Ademipo Odubeko,0,0,0,0,0,0,0,0,0,0,0,925,0,651,2,0,2.6666666666666665,638,FWD,0.0,0.0,0.0,0.0,45,0.0,3.5,19,0,0,0,1,4
40,Albian Ajeti,0,0,0,0,0,0,0,0,0,0,0,3242,0,15,3,0,2.6666666666666665,447,FWD,0.0,0.0,0.0,0.0,55,0.0,3.5,19,0,0,0,1,4
41,Andriy Yarmolenko,1,0,32,1,2,0,0,0,0,0,0,34695,10,-5,3,1,2.6666666666666665,436,MID,12.3,5.3,21.2,19.0,55,0.27936507936507937,3.5,19,0,0,1,0,3
42,Angelo Ogbonna,0,1,108,3,5,0,0,0,0,0,0,1428627,22,158701,3,1,2.6666666666666665,432,DEF,0.3,1.5,14.6,0.0,50,0.8571428571428571,3.5,19,0,1,0,0,2
43,Arthur Masuaku,0,0,0,0,0,0,0,0,0,0,0,299930,0,-51020,3,0,2.6666666666666665,442,DEF,0.0,0.0,0.0,0.0,44,0.0,3.5,19,0,1,0,0,2
44,Ben Johnson,0,0,22,0,2,1,0,0,0,0,0,1449848,7,32447,3,0,2.6666666666666665,452,DEF,0.0,0.0,0.0,0.0,39,0.14285714285714285,3.5,19,0,1,0,0,2
45,Craig Dawson,0,2,103,3,3,1,0,0,0,0,0,85164,29,39379,3,0,2.6666666666666665,576,DEF,0.9,1.2,7.4,4.0,45,0.7142857142857143,3.5,19,0,1,0,0,2
46,Darren Randolph,0,0,23,1,0,0,0,0,0,0,2,128341,6,13862,3,0,2.6666666666666665,430,GK,0.0,0.0,0.0,0.0,44,0.14285714285714285,3.5,19,1,0,0,0,1
47,David Martin,0,0,0,0,0,0,0,0,0,0,0,3287942,0,-59216,3,0,2.6666666666666665,429,GK,0.0,0.0,0.0,0.0,40,0.0,3.5,19,1,0,0,0,1
48,Declan Rice,0,0,107,3,5,0,0,0,0,0,0,1235229,15,12660,3,0,2.6666666666666665,448,MID,8.1,3.9,10.0,21.0,48,0.8571428571428571,3.5,19,0,0,1,0,3
49,FabiÃ¡n Balbuena,0,0,15,0,2,0,0,0,0,0,0,803678,1,-89763,3,0,2.6666666666666665,443,DEF,0.0,0.0,0.0,0.0,44,0.14285714285714285,3.5,19,0,1,0,0,2
50,Felipe Anderson Pereira Gomes,0,0,0,0,0,0,0,0,0,0,0,56838,0,-351,3,0,2.6666666666666665,440,MID,0.0,0.0,0.0,0.0,61,0.0,3.5,19,0,0,1,0,3
51,Frederik Alves,0,0,0,0,0,0,0,0,0,0,0,568,0,312,2,0,2.6666666666666665,637,DEF,0.0,0.0,0.0,0.0,40,0.0,3.5,19,0,1,0,0,2
52,Issa Diop,0,0,0,0,0,0,0,0,0,0,0,219011,0,-4178,3,0,2.6666666666666665,451,DEF,0.0,0.0,0.0,0.0,43,0.0,3.5,19,0,1,0,0,2
53,Jack Wilshere,0,0,0,0,0,0,0,0,0,0,0,23543,0,-171,3,0,2.6666666666666665,434,MID,0.0,0.0,0.0,0.0,49,0.0,3.5,19,0,0,1,0,3
54,Jarrod Bowen,1,0,60,2,3,1,0,0,0,0,0,1874181,20,-106814,3,0,2.6666666666666665,445,MID,2.7,8.1,38.8,39.0,63,0.6126984126984127,3.5,19,0,0,1,0,3
55,Jordan Hugill,0,0,0,0,0,0,0,0,0,0,0,3047,0,-5,3,0,2.6666666666666665,444,FWD,0.0,0.0,0.0,0.0,55,0.0,3.5,19,0,0,0,1,4
56,Lukasz Fabianski,0,1,89,2,5,0,0,0,0,0,10,2080618,18,10026,3,0,2.6666666666666665,431,GK,0.0,1.1,11.4,0.0,51,0.7142857142857143,3.5,19,1,0,0,0,1
57,Manuel Lanzini,1,0,32,0,2,0,0,0,0,0,0,44661,9,212,3,0,2.6666666666666665,439,MID,14.7,5.7,3.8,38.0,64,0.3238095238095238,3.5,19,0,0,1,0,3
58,Mark Noble,0,0,10,0,2,0,0,0,0,0,0,185781,3,-2503,3,0,2.6666666666666665,427,MID,0.3,0.0,0.0,0.0,46,0.08571428571428572,3.5,19,0,0,1,0,3
59,Michail Antonio,1,6,80,1,2,2,0,0,0,0,0,2967567,25,1439635,3,0,2.6666666666666665,437,FWD,25.7,9.0,40.6,24.0,63,0.4746031746031746,3.5,19,0,0,0,1,4
60,Pablo Fornals,1,2,64,3,2,0,0,0,0,0,0,449526,17,-28823,3,0,2.6666666666666665,450,MID,12.1,1.5,2.6,0.0,61,0.5873015873015873,3.5,19,0,0,1,0,3
61,Roberto Jimenez Gago,0,0,0,0,0,0,0,0,0,0,0,4881,0,-17,3,0,2.6666666666666665,433,GK,0.0,0.0,0.0,0.0,45,0.0,3.5,19,1,0,0,0,1
62,Ryan Fredericks,0,0,26,1,1,0,0,0,0,0,0,105575,7,1792,3,0,2.6666666666666665,438,DEF,0.0,0.0,0.0,0.0,42,0.15714285714285714,3.5,19,0,1,0,0,2
63,SaÃ¯d Benrahma,0,0,46,2,2,0,0,0,0,0,0,111467,11,-8437,3,0,2.6666666666666665,587,MID,12.2,5.2,12.4,27.0,60,0.5301587301587302,3.5,19,0,0,1,0,3
64,SÃ©bastien Haller,0,0,-1,1,2,0,0,0,0,0,0,186768,5,-13696,3,0,2.6666666666666665,441,FWD,0.0,0.0,0.0,0.0,61,0.35555555555555557,3.5,19,0,0,0,1,4
65,Tomas Soucek,0,9,152,3,5,4,0,0,0,0,0,7088837,43,1145782,3,1,2.6666666666666665,449,MID,16.1,3.3,12.6,4.0,53,0.8571428571428571,3.5,19,0,0,1,0,3
66,Vladimir Coufal,1,1,93,2,5,0,0,0,0,0,0,2922209,20,501296,3,0,2.6666666666666665,558,DEF,28.1,6.8,29.4,10.0,47,0.7142857142857143,3.5,19,0,1,0,0,2
67,Aaron Ramsdale,0,2,92,1,8,0,0,0,0,0,14,981000,18,-27263,3,0,3.3333333333333335,483,GK,0.0,1.6,15.8,0.0,47,0.8571428571428571,3.5,15,1,0,0,0,1
68,Antwoine Hackford,0,0,3,0,0,0,0,0,0,0,0,14604,1,2108,2,0,3.5,618,FWD,0.1,1.8,0.0,18.0,45,0.015873015873015872,3.5,15,0,0,0,1,4
69,Ben Osborn,0,0,64,1,4,0,0,0,0,0,0,13725,9,-79,3,0,3.3333333333333335,356,MID,5.7,2.8,17.8,4.0,48,0.553968253968254,3.5,15,0,0,1,0,3
70,Billy Sharp,0,1,21,0,1,1,0,0,0,0,0,56930,8,346,3,1,3.3333333333333335,343,FWD,0.0,0.0,0.0,0.0,56,0.18412698412698414,3.5,15,0,0,0,1,4
71,Chris Basham,0,0,79,0,8,0,0,0,0,0,0,340143,9,-8470,3,0,3.3333333333333335,345,DEF,14.4,4.9,10.8,24.0,46,0.7666666666666667,3.5,15,0,1,0,0,2
72,David McGoldrick,0,1,41,2,7,1,0,0,0,0,0,861873,16,94153,3,1,3.3333333333333335,344,FWD,7.2,4.3,7.2,29.0,52,0.7952380952380952,3.5,15,0,0,0,1,4
73,Enda Stevens,0,0,49,0,7,0,0,0,0,0,0,497364,5,-13563,3,1,3.3333333333333335,347,DEF,2.9,1.7,14.0,0.0,51,0.5714285714285714,3.5,15,0,1,0,0,2
74,Ethan Ampadu,0,3,94,1,8,0,0,0,0,0,0,235804,16,6246,3,1,3.3333333333333335,509,DEF,12.3,2.7,14.4,0.0,43,0.819047619047619,3.5,15,0,1,0,0,2
75,George Baldock,0,0,18,0,3,0,0,0,0,0,0,506492,5,-25501,3,1,3.3333333333333335,351,DEF,0.0,0.0,0.0,0.0,50,0.42857142857142855,3.5,15,0,1,0,0,2
76,Jack O'Connell,0,0,0,0,0,0,0,0,0,0,0,60771,0,-926,3,0,3.3333333333333335,354,DEF,0.0,0.0,0.0,0.0,47,0.0,3.5,15,0,1,0,0,2
77,Jack Robinson,0,0,19,0,2,0,0,0,0,0,0,56304,2,-1919,3,1,3.3333333333333335,352,DEF,0.0,0.0,0.0,0.0,43,0.23174603174603176,3.5,15,0,1,0,0,2
78,Jayden Bogle,0,0,37,1,6,0,0,0,0,0,0,44133,8,1595,3,1,3.3333333333333335,510,DEF,18.2,5.5,17.8,19.0,43,0.4873015873015873,3.5,15,0,1,0,0,2
79,John Egan,0,1,74,1,7,0,0,0,0,0,0,1016814,12,-32209,3,1,3.3333333333333335,353,DEF,0.8,2.3,22.4,0.0,47,0.7142857142857143,3.5,15,0,1,0,0,2
80,John Fleck,2,1,77,1,6,0,0,0,0,0,0,57784,16,-444,3,1,3.3333333333333335,346,MID,15.0,3.3,7.0,11.0,56,0.6238095238095238,3.5,15,0,0,1,0,3
81,John Lundstram,1,2,46,1,4,0,0,0,0,0,0,753936,10,-45055,3,2,3.3333333333333335,355,MID,0.0,0.0,0.0,0.0,49,0.42857142857142855,3.5,15,0,0,1,0,3
82,Kean Bryan,0,0,22,0,0,1,0,0,0,0,0,124930,8,280,3,0,3.3333333333333335,603,DEF,0.0,0.0,0.0,0.0,39,0.11904761904761904,3.5,15,0,1,0,0,2
83,Luke Freeman,0,0,0,0,0,0,0,0,0,0,0,2254,0,-28,3,0,3.3333333333333335,477,MID,0.0,0.0,0.0,0.0,50,0.0,3.5,15,0,0,1,0,3
84,Lys Mousset,0,0,4,0,4,0,0,0,0,0,0,33057,5,145,3,0,3.3333333333333335,359,FWD,0.3,0.0,0.0,0.0,58,0.21587301587301588,3.5,15,0,0,0,1,4
85,Max Lowe,0,0,0,0,0,0,0,0,0,0,0,25269,0,-473,3,0,3.3333333333333335,511,DEF,0.0,0.0,0.0,0.0,43,0.0,3.5,15,0,1,0,0,2
86,Michael Verrips,0,0,0,0,0,0,0,0,0,0,0,193071,0,2779,3,0,3.3333333333333335,580,GK,0.0,0.0,0.0,0.0,40,0.0,3.5,15,1,0,0,0,1
87,Oliver Burke,0,0,31,0,3,1,0,0,0,0,0,1044351,10,-17371,3,1,3.3333333333333335,424,MID,0.0,0.0,0.0,0.0,44,0.3492063492063492,3.5,15,0,0,1,0,3
88,Oliver McBurnie,0,0,1,0,1,0,0,0,0,0,0,93743,1,-3537,3,0,3.3333333333333335,357,FWD,0.0,0.0,0.0,0.0,56,0.07142857142857142,3.5,15,0,0,0,1,4
89,Oliver Norwood,0,0,62,1,7,0,0,0,0,0,0,71054,9,-1480,3,2,3.3333333333333335,349,MID,10.6,3.1,14.6,6.0,46,0.6126984126984127,3.5,15,0,0,1,0,3
90,Phil Jagielka,0,0,12,0,1,0,0,0,0,0,0,251828,3,-5199,3,0,3.3333333333333335,529,DEF,0.0,0.0,0.0,0.0,40,0.14444444444444443,3.5,15,0,1,0,0,2
91,Rhian Brewster,0,0,25,1,1,0,0,0,0,0,0,3572595,8,116426,3,0,3.3333333333333335,262,FWD,0.9,0.1,0.2,0.0,45,0.4158730158730159,3.5,15,0,0,0,1,4
92,Sander Berge,0,0,0,0,0,0,0,0,0,0,0,53901,0,-6020,3,0,3.3333333333333335,360,MID,0.0,0.0,0.0,0.0,49,0.0,3.5,15,0,0,1,0,3
93,Simon Moore,0,0,0,0,0,0,0,0,0,0,0,49778,0,-1013,3,0,3.3333333333333335,348,GK,0.0,0.0,0.0,0.0,43,0.0,3.5,15,1,0,0,0,1
94,Wes Foderingham,0,0,0,0,0,0,0,0,0,0,0,48641,0,-547,3,0,3.3333333333333335,350,GK,0.0,0.0,0.0,0.0,43,0.0,3.5,15,1,0,0,0,1
95,Aaron Wan-Bissaka,1,1,131,3,4,0,0,0,0,0,0,5087814,27,167663,3,0,3.142857142857143,313,DEF,6.0,1.6,10.4,0.0,54,0.8571428571428571,3.166666667,13,0,1,0,0,2
96,Alex Nicolao Telles,1,3,35,0,2,0,0,0,0,0,0,580962,8,-70614,3,0,3.142857142857143,568,DEF,7.1,0.9,1.6,0.0,55,0.2,3.166666667,13,0,1,0,0,2
97,Amad Diallo,0,0,0,0,0,0,0,0,0,0,0,706,0,644,1,0,3.0,640,MID,0.0,0.0,0.0,0.0,55,0.0,3.166666667,13,0,0,1,0,3
98,Andreas Pereira,0,0,0,0,0,0,0,0,0,0,0,17886,0,-136,3,0,3.142857142857143,304,MID,0.0,0.0,0.0,0.0,48,0.0,3.166666667,13,0,0,1,0,3
99,Anthony Martial,0,0,66,2,5,1,0,0,0,0,0,2953159,17,125830,3,0,3.142857142857143,303,FWD,3.9,1.4,1.4,9.0,87,0.8158730158730159,3.166666667,13,0,0,0,1,4
100,Axel Tuanzebe,0,0,17,0,3,0,1,0,0,0,0,60505,1,-444,3,1,3.142857142857143,307,DEF,0.0,0.0,0.0,0.0,42,0.17142857142857143,3.166666667,13,0,1,0,0,2
101,Brandon Williams,0,0,0,0,0,0,0,0,0,0,0,345529,0,-11275,3,0,3.142857142857143,318,DEF,0.0,0.0,0.0,0.0,42,0.0,3.166666667,13,0,1,0,0,2
102,Bruno Miguel Borges Fernandes,3,6,140,3,6,2,0,0,0,0,0,28043923,40,1126677,3,2,3.142857142857143,302,MID,45.2,13.6,35.6,55.0,111,0.9873015873015873,3.166666667,13,0,0,1,0,3
103,Chris Smalling,0,0,0,0,0,0,0,0,0,0,0,46942,0,-263,3,0,3.142857142857143,292,DEF,0.0,0.0,0.0,0.0,49,0.0,3.166666667,13,0,1,0,0,2
104,Daniel James,0,0,3,0,1,0,0,0,0,0,0,130233,2,-519,3,0,3.142857142857143,311,MID,0.0,0.0,0.0,0.0,62,0.08888888888888889,3.166666667,13,0,0,1,0,3
105,David de Gea,0,3,127,3,6,0,0,0,0,0,18,2440253,31,141937,3,0,3.142857142857143,291,GK,0.0,3.4,34.2,0.0,53,1.0,3.166666667,13,1,0,0,0,1
106,Dean Henderson,0,0,0,0,0,0,0,0,0,0,0,760006,0,-10331,3,0,3.142857142857143,305,GK,0.0,0.0,0.0,0.0,52,0.0,3.166666667,13,1,0,0,0,1
107,Donny van de Beek,0,0,5,0,0,0,0,0,0,0,0,821930,1,-13771,3,0,3.142857142857143,495,MID,0.0,0.0,0.0,0.0,66,0.011111111111111112,3.166666667,13,0,0,1,0,3
108,Edinson Cavani,1,1,54,2,3,1,0,0,0,0,0,1205339,17,326468,3,0,3.142857142857143,569,FWD,3.0,1.5,0.0,15.0,78,0.5365079365079365,3.166666667,13,0,0,0,1,4
109,Eric Bailly,0,4,108,2,4,0,0,0,0,0,0,248244,20,48138,3,1,3.142857142857143,310,DEF,0.9,3.3,12.2,20.0,49,0.7142857142857143,3.166666667,13,0,1,0,0,2
110,Facundo Pellistri,0,0,0,0,0,0,0,0,0,0,0,3743,0,-66,3,0,3.142857142857143,575,MID,0.0,0.0,0.0,0.0,52,0.0,3.166666667,13,0,0,1,0,3
111,Frederico Rodrigues de Paula Santos,0,0,62,1,4,0,0,0,0,0,0,114092,9,-841,3,0,3.142857142857143,299,MID,0.0,0.0,0.0,0.0,53,0.5714285714285714,3.166666667,13,0,0,1,0,3
112,Harry Maguire,0,3,145,3,6,1,0,0,0,0,0,2288224,32,109580,3,1,3.142857142857143,298,DEF,1.0,2.8,25.4,2.0,54,1.0,3.166666667,13,0,1,0,0,2
113,James Garner,0,0,0,0,0,0,0,0,0,0,0,24291,0,-430,3,0,3.142857142857143,317,MID,0.0,0.0,0.0,0.0,44,0.0,3.166666667,13,0,0,1,0,3
114,Jesse Lingard,0,0,0,0,0,0,0,0,0,0,0,77452,0,-218,3,0,3.142857142857143,301,MID,0.0,0.0,0.0,0.0,59,0.0,3.166666667,13,0,0,1,0,3
115,JosÃ© Diogo Dalot Teixeira,0,0,0,0,0,0,0,0,0,0,0,15809,0,-99,3,0,3.142857142857143,314,DEF,0.0,0.0,0.0,0.0,48,0.0,3.166666667,13,0,1,0,0,2
116,Juan Mata,0,0,0,0,0,0,0,0,0,0,0,76276,0,-1879,3,0,3.142857142857143,290,MID,0.0,0.0,0.0,0.0,59,0.0,3.166666667,13,0,0,1,0,3
117,Lee Grant,0,0,0,0,0,0,0,0,0,0,0,37114,0,1894,3,0,3.142857142857143,604,GK,0.0,0.0,0.0,0.0,40,0.0,3.166666667,13,1,0,0,0,1
118,Luke Shaw,0,6,128,2,4,0,0,0,0,0,0,836460,23,177673,3,2,3.142857142857143,300,DEF,27.2,3.8,10.4,0.0,48,0.7984126984126985,3.166666667,13,0,1,0,0,2
119,Marcos Rojo,0,0,0,0,0,0,0,0,0,0,0,27277,0,-230,3,0,3.142857142857143,294,DEF,0.0,0.0,0.0,0.0,48,0.0,3.166666667,13,0,1,0,0,2
120,Marcus Rashford,1,0,76,3,5,2,0,0,0,0,0,6415276,27,323273,3,2,3.142857142857143,306,MID,10.0,8.1,32.6,38.0,95,0.8476190476190476,3.166666667,13,0,0,1,0,3
121,Mason Greenwood,0,0,29,1,2,0,0,0,0,0,0,1118824,9,-39571,3,0,3.142857142857143,315,MID,27.4,4.5,9.2,8.0,71,0.353968253968254,3.166666667,13,0,0,1,0,3
122,Nemanja Matic,0,0,51,2,2,0,0,0,0,0,0,110047,9,-1513,3,1,3.142857142857143,295,MID,19.8,4.2,22.2,0.0,48,0.46984126984126984,3.166666667,13,0,0,1,0,3
123,Odion Ighalo,0,0,0,0,0,0,0,0,0,0,0,100146,0,-682,3,0,3.142857142857143,293,FWD,0.0,0.0,0.0,0.0,61,0.0,3.166666667,13,0,0,0,1,4
124,Paul Pogba,1,6,131,3,5,2,0,0,0,0,0,968480,34,182579,3,1,3.142857142857143,296,MID,17.4,4.5,16.2,11.0,77,0.9142857142857143,3.166666667,13,0,0,1,0,3
125,Phil Jones,0,0,0,0,0,0,0,0,0,0,0,18530,0,-101,3,0,3.142857142857143,297,DEF,0.0,0.0,0.0,0.0,48,0.0,3.166666667,13,0,1,0,0,2
126,Scott McTominay,0,0,29,1,3,0,0,0,0,0,0,624261,10,72316,3,0,3.142857142857143,309,MID,0.0,0.0,0.0,0.0,49,0.3984126984126984,3.166666667,13,0,0,1,0,3
127,Sergio Romero,0,0,0,0,0,0,0,0,0,0,0,41423,0,-344,3,0,3.142857142857143,289,GK,0.0,0.0,0.0,0.0,49,0.0,3.166666667,13,1,0,0,0,1
128,Tahith Chong,0,0,0,0,0,0,0,0,0,0,0,6439,0,-57,3,0,3.142857142857143,316,MID,0.0,0.0,0.0,0.0,44,0.0,3.166666667,13,0,0,1,0,3
129,Teden Mengi,0,0,0,0,0,0,0,0,0,0,0,515471,0,-12322,3,0,3.142857142857143,319,DEF,0.0,0.0,0.0,0.0,39,0.0,3.166666667,13,0,1,0,0,2
130,Timothy Fosu-Mensah,0,0,0,0,0,0,0,0,0,0,0,47422,0,-816,3,0,3.142857142857143,312,DEF,0.0,0.0,0.0,0.0,43,0.0,3.166666667,13,0,1,0,0,2
131,Victor LindelÃ¶f,0,0,29,1,1,0,0,0,0,0,0,793887,8,-44305,3,0,3.142857142857143,308,DEF,0.0,0.0,0.0,0.0,48,0.24603174603174602,3.166666667,13,0,1,0,0,2
132,Abdoulaye DoucourÃ©,1,0,43,1,2,0,0,0,0,0,0,298695,9,-11722,2,1,3.25,512,MID,2.8,1.4,7.0,4.0,53,0.42857142857142855,3.166666667,7,0,0,1,0,3
133,Alex Iwobi,0,1,46,1,1,1,0,0,0,0,0,86973,12,0,2,0,3.25,159,MID,6.0,11.1,49.2,56.0,59,0.30158730158730157,3.166666667,7,0,0,1,0,3
134,Allan Marques Loureiro,0,0,0,0,0,0,0,0,0,0,0,219395,0,-10793,2,0,3.25,502,MID,0.0,0.0,0.0,0.0,52,0.0,3.166666667,7,0,0,1,0,3
135,AndrÃ© Filipe Tavares Gomes,1,0,35,0,2,0,0,0,0,0,0,70259,8,-1462,2,0,3.25,158,MID,15.7,3.9,22.8,0.0,53,0.2507936507936508,3.166666667,7,0,0,1,0,3
136,Anthony Gordon,0,0,5,0,0,0,0,0,0,0,0,284960,1,-12334,2,0,3.25,168,MID,0.0,0.0,0.0,0.0,43,0.08571428571428572,3.166666667,7,0,0,1,0,3
137,Ben Godfrey,0,0,54,1,3,0,0,0,0,0,0,87545,10,8954,2,2,3.25,566,DEF,1.4,1.5,13.8,0.0,50,0.5714285714285714,3.166666667,7,0,1,0,0,2
138,Bernard AnÃ­cio Caldeira Duarte,0,0,5,1,0,0,0,0,0,0,0,40347,3,-455,2,1,3.25,154,MID,0.0,0.0,0.0,0.0,58,0.15555555555555556,3.166666667,7,0,0,1,0,3
139,Cenk Tosun,0,0,3,0,1,0,0,0,0,0,0,22281,1,3181,2,0,3.25,153,FWD,0.0,0.0,0.0,0.0,60,0.01746031746031746,3.166666667,7,0,0,0,1,4
140,Dominic Calvert-Lewin,0,0,6,2,1,0,0,0,0,0,0,14166777,5,-1041030,2,1,3.25,164,FWD,0.0,0.0,0.0,0.0,78,0.40634920634920635,3.166666667,7,0,0,0,1,4
141,Ellis Simms,0,0,0,0,0,0,0,0,0,0,0,28460,0,-132,2,0,3.25,596,FWD,0.0,0.0,0.0,0.0,45,0.0,3.166666667,7,0,0,0,1,4
142,Fabian Delph,0,0,0,0,0,0,0,0,0,0,0,10794,0,-321,2,0,3.25,149,MID,0.0,0.0,0.0,0.0,49,0.0,3.166666667,7,0,0,1,0,3
143,Gylfi Sigurdsson,0,3,58,2,1,1,0,0,0,0,0,583137,17,53376,2,0,3.25,150,MID,15.4,1.8,2.6,0.0,68,0.36984126984126986,3.166666667,7,0,0,1,0,3
144,James RodrÃ­guez,0,2,40,0,3,1,0,0,0,0,0,2845769,11,-182364,2,1,3.25,508,MID,28.8,4.2,9.6,4.0,77,0.30952380952380953,3.166666667,7,0,0,1,0,3
145,Jarrad Branthwaite,0,0,0,0,0,0,0,0,0,0,0,583395,0,-27525,2,0,3.25,170,DEF,0.0,0.0,0.0,0.0,39,0.0,3.166666667,7,0,1,0,0,2
146,Jean-Philippe Gbamin,0,0,0,0,0,0,0,0,0,0,0,811,0,20,2,0,3.25,161,MID,0.0,0.0,0.0,0.0,50,0.0,3.166666667,7,0,0,1,0,3
147,Jonas LÃ¶ssl,0,0,0,0,0,0,0,0,0,0,0,36938,0,-542,2,0,3.25,151,GK,0.0,0.0,0.0,0.0,43,0.0,3.166666667,7,1,0,0,0,1
148,Jonjoe Kenny,0,0,0,0,0,0,0,0,0,0,0,34138,0,-184,2,0,3.25,160,DEF,0.0,0.0,0.0,0.0,43,0.0,3.166666667,7,0,1,0,0,2
149,Jordan Pickford,0,0,63,1,3,0,0,0,0,0,11,1889717,13,3383,2,1,3.25,157,GK,0.0,1.5,15.4,0.0,48,0.5714285714285714,3.166666667,7,1,0,0,0,1
150,JoÃ£o VirgÃ­nia,0,0,0,0,0,0,0,0,0,0,0,22185,0,-283,2,0,3.25,167,GK,0.0,0.0,0.0,0.0,43,0.0,3.166666667,7,1,0,0,0,1
151,Lucas Digne,1,0,26,0,2,0,0,0,0,0,0,1574544,7,-21752,2,0,3.25,155,DEF,14.4,3.6,17.6,4.0,60,0.2857142857142857,3.166666667,7,0,1,0,0,2
152,Mason Holgate,0,1,66,1,3,0,0,0,0,0,0,407594,12,68650,2,1,3.25,165,DEF,1.2,0.5,4.2,0.0,48,0.553968253968254,3.166666667,7,0,1,0,0,2
153,Michael Keane,0,5,76,1,2,1,0,0,0,0,0,1790128,21,29414,2,0,3.25,156,DEF,0.9,8.8,69.8,17.0,51,0.3888888888888889,3.166666667,7,0,1,0,0,2
154,Moise Kean,0,0,0,0,0,0,0,0,0,0,0,61634,0,-497,2,0,3.25,169,FWD,0.0,0.0,0.0,0.0,57,0.0,3.166666667,7,0,0,0,1,4
155,Niels Nkounkou,0,0,0,0,0,0,0,0,0,0,0,75181,0,-4221,2,0,3.25,559,DEF,0.0,0.0,0.0,0.0,40,0.0,3.166666667,7,0,1,0,0,2
156,Richarlison de Andrade,0,0,5,0,2,0,0,0,0,0,0,1278261,5,4215,2,0,3.25,166,FWD,0.3,0.2,1.2,0.0,78,0.30793650793650795,3.166666667,7,0,0,0,1,4
157,Robin Olsen,0,0,0,0,0,0,0,0,0,0,0,22482,0,-131,2,0,3.25,573,GK,0.0,0.0,0.0,0.0,45,0.0,3.166666667,7,1,0,0,0,1
158,Seamus Coleman,0,0,24,0,1,0,0,0,0,0,0,207709,5,6201,2,0,3.25,152,DEF,0.0,0.2,2.0,0.0,48,0.18888888888888888,3.166666667,7,0,1,0,0,2
159,Tom Davies,0,0,52,1,3,0,0,0,0,0,0,28695,8,-41,2,1,3.25,163,MID,2.3,1.0,7.4,0.0,52,0.5015873015873016,3.166666667,7,0,0,1,0,3
160,Tyler Onyango,0,0,0,0,0,0,0,0,0,0,0,0,0,0,1,0,4.0,644,MID,0.0,0.0,0.0,0.0,45,0.0,3.166666667,7,0,0,1,0,3
161,Yerry Mina,0,1,68,1,3,0,0,0,0,0,0,1099426,13,115164,2,0,3.25,162,DEF,1.3,2.5,16.4,7.0,56,0.5714285714285714,3.166666667,7,0,1,0,0,2
162,Aboubakar Kamara,0,0,10,0,0,0,0,0,0,0,0,18473,3,-122,3,0,3.4,190,MID,0.5,1.1,3.0,7.0,48,0.047619047619047616,3.0,8,0,0,1,0,3
163,Ademola Lookman,1,0,64,2,3,1,0,0,0,0,0,517879,18,14702,3,1,3.4,557,MID,7.7,3.7,3.6,26.0,50,0.6063492063492063,3.0,8,0,0,1,0,3
164,Aleksandar MitroviÄ,0,0,8,0,0,0,0,0,0,0,0,1494159,3,-38830,3,0,3.4,184,FWD,0.0,0.0,0.0,0.0,55,0.03968253968253968,3.0,8,0,0,0,1,4
165,Alfie Mawson,0,0,0,0,0,0,0,0,0,0,0,3169,0,-37,3,0,3.4,185,DEF,0.0,0.0,0.0,0.0,43,0.0,3.0,8,0,1,0,0,2
166,Alphonse Areola,0,5,107,2,4,0,0,0,0,0,20,941090,26,116618,3,0,3.4,516,GK,0.0,3.7,37.2,0.0,45,0.7142857142857143,3.0,8,1,0,0,0,1
167,AndrÃ©-Frank Zambo Anguissa,1,2,74,2,4,0,0,0,0,0,0,911808,14,-5049,3,3,3.4,191,MID,2.0,1.5,11.0,2.0,45,0.6952380952380952,3.0,8,0,0,1,0,3
168,Anthony Knockaert,0,0,0,0,0,0,0,0,0,0,0,12646,0,-176,3,0,3.4,177,MID,0.0,0.0,0.0,0.0,50,0.0,3.0,8,0,0,1,0,3
169,Antonee Robinson,0,0,38,1,2,0,0,0,0,1,0,91163,6,2447,3,0,3.4,484,DEF,15.3,4.0,5.0,20.0,44,0.353968253968254,3.0,8,0,1,0,0,2
170,Bobby Decordova-Reid,0,0,36,2,2,0,0,0,0,0,0,390193,6,50999,3,2,3.4,181,FWD,13.6,3.0,14.2,2.0,53,0.546031746031746,3.0,8,0,0,0,1,4
171,Cyrus Christie,0,0,0,0,0,0,0,0,0,0,0,11865,0,-230,3,0,3.4,179,DEF,0.0,0.0,0.0,0.0,42,0.0,3.0,8,0,1,0,0,2
172,Denis Odoi,0,0,0,0,0,0,0,0,0,0,0,23528,0,-136,3,0,3.4,525,DEF,0.0,0.0,0.0,0.0,42,0.0,3.0,8,0,1,0,0,2
173,Fabricio Agosto RamÃ­rez,0,0,0,0,0,0,0,0,0,0,0,608303,0,-12873,3,0,3.4,171,GK,0.0,0.0,0.0,0.0,40,0.0,3.0,8,1,0,0,0,1
174,Harrison Reed,0,0,58,2,4,0,0,0,0,0,0,247667,11,665,3,1,3.4,373,MID,2.3,4.2,22.6,17.0,44,0.6746031746031746,3.0,8,0,0,1,0,3
175,Ivan Ricardo Neves Abreu Cavaleiro,0,1,32,2,4,1,0,0,0,0,0,60809,18,1670,3,0,3.4,187,MID,27.5,6.2,2.0,32.0,53,0.6365079365079365,3.0,8,0,0,1,0,3
176,Jean MichaÃ«l Seri,0,0,0,0,0,0,0,0,0,0,0,12206,0,-234,3,0,3.4,189,MID,0.0,0.0,0.0,0.0,46,0.0,3.0,8,0,0,1,0,3
177,Joachim Andersen,0,0,91,2,4,0,0,0,0,0,0,14221,16,-44,3,1,3.4,571,DEF,0.1,3.2,31.6,0.0,45,0.7142857142857143,3.0,8,0,1,0,0,2
178,Joe Bryan,0,0,10,0,2,0,0,0,0,0,0,125386,2,-2417,3,1,3.4,182,DEF,4.3,0.4,0.0,0.0,46,0.17142857142857143,3.0,8,0,1,0,0,2
179,Josh Onomah,0,0,5,0,0,0,0,0,0,0,0,14524,2,-153,3,0,3.4,188,MID,0.1,0.1,1.2,0.0,46,0.01904761904761905,3.0,8,0,0,1,0,3
180,Kenny Tete,0,0,65,1,4,0,0,0,0,0,0,24120,11,1551,3,0,3.4,517,DEF,12.4,3.7,18.2,6.0,43,0.5142857142857142,3.0,8,0,1,0,0,2
181,Kevin McDonald,0,0,0,0,0,0,0,0,0,0,0,8317,0,-117,3,0,3.4,172,MID,0.0,0.0,0.0,0.0,47,0.0,3.0,8,0,0,1,0,3
182,Marcus Bettinelli,0,0,0,0,0,0,0,0,0,0,0,10908,0,-244,3,0,3.4,183,GK,0.0,0.0,0.0,0.0,43,0.0,3.0,8,1,0,0,0,1
183,Marek RodÃ¡k,0,0,0,0,0,0,0,0,0,0,0,118307,0,-2043,3,0,3.4,186,GK,0.0,0.0,0.0,0.0,43,0.0,3.0,8,1,0,0,0,1
184,Mario Lemina,0,0,6,0,0,0,0,0,0,0,0,107031,2,-4845,3,0,3.4,493,MID,0.0,0.0,0.0,0.0,45,0.05555555555555555,3.0,8,0,0,1,0,3
185,Maxime Le Marchand,0,0,0,0,0,0,0,0,0,0,0,27636,0,-702,3,0,3.4,173,DEF,0.0,0.0,0.0,0.0,42,0.0,3.0,8,0,1,0,0,2
186,Michael Hector,0,0,0,0,0,0,0,0,0,0,0,54102,0,-988,3,0,3.4,178,DEF,0.0,0.0,0.0,0.0,42,0.0,3.0,8,0,1,0,0,2
187,Neeskens Kebano,0,0,2,0,0,0,0,0,0,0,0,16717,1,-284,3,0,3.4,180,MID,0.0,0.0,0.0,0.0,47,0.0015873015873015873,3.0,8,0,0,1,0,3
188,Ola Aina,0,0,75,2,4,0,0,0,0,0,0,178621,16,2286,3,1,3.4,562,DEF,1.1,1.7,12.6,3.0,45,0.6888888888888889,3.0,8,0,1,0,0,2
189,Ruben Loftus-Cheek,0,0,11,2,3,0,0,0,0,0,0,69671,10,-3847,3,0,3.4,115,MID,0.0,0.0,0.0,0.0,59,0.5714285714285714,3.0,8,0,0,1,0,3
190,Stefan Johansen,0,0,0,0,0,0,0,0,0,0,0,6155,0,-76,3,0,3.4,174,MID,0.0,0.0,0.0,0.0,47,0.0,3.0,8,0,0,1,0,3
191,Terence Kongolo,0,0,0,0,0,0,0,0,0,0,0,1085,0,86,3,0,3.4,585,DEF,0.0,0.0,0.0,0.0,43,0.0,3.0,8,0,1,0,0,2
192,Tim Ream,0,0,0,0,0,0,0,0,0,0,0,46753,0,-838,3,0,3.4,176,DEF,0.0,0.0,0.0,0.0,42,0.0,3.0,8,0,1,0,0,2
193,Tom Cairney,0,0,0,0,0,0,0,0,0,0,0,42998,0,-2193,3,0,3.4,175,MID,0.0,0.0,0.0,0.0,52,0.0,3.0,8,0,0,1,0,3
194,Tosin Adarabioyo,0,0,91,2,4,0,0,0,0,0,0,154962,17,24349,3,0,3.4,572,DEF,0.3,3.7,36.6,0.0,45,0.7142857142857143,3.0,8,0,1,0,0,2
195,Zeze Steven Sessegnon,0,0,0,0,0,0,0,0,0,0,0,15309,0,-180,3,0,3.4,192,DEF,0.0,0.0,0.0,0.0,43,0.0,3.0,8,0,1,0,0,2
196,Adam Forshaw,0,0,0,0,0,0,0,0,0,0,0,2894,0,-1,2,0,2.8,199,MID,0.0,0.0,0.0,0.0,48,0.0,3.0,10,0,0,1,0,3
197,Barry Douglas,0,0,0,0,0,0,0,0,0,0,0,1785308,0,-45482,2,0,2.8,196,DEF,0.0,0.0,0.0,0.0,38,0.0,3.0,10,0,1,0,0,2
198,Charlie Cresswell,0,0,0,0,0,0,0,0,0,0,0,6737,0,1356,1,0,3.0,620,DEF,0.0,0.0,0.0,0.0,40,0.0,3.0,10,0,1,0,0,2
199,Diego Llorente,0,0,3,0,0,0,0,0,0,0,0,7482,1,184,2,0,2.8,549,DEF,0.0,0.0,0.0,0.0,44,0.014285714285714285,3.0,10,0,1,0,0,2
200,Elia Caprile,0,0,0,0,0,0,0,0,0,0,0,124259,0,-1273,2,0,2.8,532,GK,0.0,0.0,0.0,0.0,40,0.0,3.0,10,1,0,0,0,1
201,Ezgjan Alioski,0,1,79,2,4,1,0,0,0,0,0,1000721,21,112523,2,2,2.8,201,DEF,6.8,6.5,41.4,17.0,44,0.5777777777777777,3.0,10,0,1,0,0,2
202,Francisco Casilla CortÃ©s,0,0,12,0,1,0,0,0,0,0,1,358774,2,-3326,2,0,2.8,194,GK,0.0,0.0,0.0,0.0,42,0.14285714285714285,3.0,10,1,0,0,0,1
203,HÃ©lder Wander Sousa de Azevedo e Costa,0,0,2,0,0,0,0,0,0,0,0,1172658,1,-69844,2,0,2.8,205,MID,0.5,0.5,2.0,2.0,52,0.014285714285714285,3.0,10,0,0,1,0,3
204,Ian Carlo Poveda-Ocampo,0,0,7,0,0,0,0,0,0,0,0,145457,3,330,2,0,2.8,209,MID,0.0,0.0,0.0,0.0,44,0.10158730158730159,3.0,10,0,0,1,0,3
205,Illan Meslier,0,3,101,2,4,0,0,0,0,0,15,2384872,22,19918,2,0,2.8,213,GK,0.0,1.0,9.8,0.0,46,0.5714285714285714,3.0,10,1,0,0,0,1
206,Jack Harrison,0,1,78,2,5,2,0,0,0,0,0,939810,22,56800,2,1,2.8,203,MID,28.0,9.8,40.6,29.0,54,0.6666666666666666,3.0,10,0,0,1,0,3
207,Jack Jenkins,0,0,0,0,0,0,0,0,0,0,0,5171,0,36,2,0,2.8,599,MID,0.0,0.0,0.0,0.0,45,0.0,3.0,10,0,0,1,0,3
208,Jamie Shackleton,0,0,15,0,0,0,0,0,0,0,0,11220,3,-60,2,0,2.8,210,MID,2.7,0.9,4.6,2.0,48,0.13015873015873017,3.0,10,0,0,1,0,3
209,Jay-Roy Grot,0,0,0,0,0,0,0,0,0,0,0,7509,0,-83,2,0,2.8,207,MID,0.0,0.0,0.0,0.0,47,0.0,3.0,10,0,0,1,0,3
210,Jordan Stevens,0,0,0,0,0,0,0,0,0,0,0,182186,0,-3708,2,0,2.8,212,MID,0.0,0.0,0.0,0.0,43,0.0,3.0,10,0,0,1,0,3
211,Kalvin Phillips,0,0,61,2,4,0,0,0,0,0,0,487041,9,-12042,2,1,2.8,204,MID,29.7,7.1,31.8,9.0,49,0.5714285714285714,3.0,10,0,0,1,0,3
212,Kamil Miazek,0,0,0,0,0,0,0,0,0,0,0,432063,0,-12940,2,0,2.8,208,GK,0.0,0.0,0.0,0.0,40,0.0,3.0,10,1,0,0,0,1
213,Leif Davis,0,0,0,0,0,0,0,0,0,0,0,511115,0,-1842,2,0,2.8,214,DEF,0.0,0.0,0.0,0.0,39,0.0,3.0,10,0,1,0,0,2
214,Liam Cooper,0,0,34,0,2,0,0,0,0,0,0,160940,4,-11374,2,0,2.8,195,DEF,0.0,0.0,0.0,0.0,44,0.2857142857142857,3.0,10,0,1,0,0,2
215,Luke Ayling,0,0,98,2,5,0,0,0,0,0,0,1285005,16,-49471,2,1,2.8,197,DEF,1.8,3.4,23.6,9.0,45,0.7142857142857143,3.0,10,0,1,0,0,2
216,Mateusz Bogusz,0,0,0,0,0,0,0,0,0,0,0,4781,0,-44,2,0,2.8,533,MID,0.0,0.0,0.0,0.0,44,0.0,3.0,10,0,0,1,0,3
217,Mateusz Klich,1,0,56,1,5,0,0,0,0,0,0,2235944,12,-139096,2,0,2.8,198,MID,40.6,6.5,24.6,0.0,55,0.5333333333333333,3.0,10,0,0,1,0,3
218,Niall Huggins,0,0,0,0,0,0,0,0,0,0,0,4320,0,836,1,0,3.0,619,FWD,0.0,0.0,0.0,0.0,45,0.0,3.0,10,0,0,0,1,4
219,Oliver Casey,0,0,0,0,0,0,0,0,0,0,0,500892,0,-15459,2,0,2.8,215,DEF,0.0,0.0,0.0,0.0,39,0.0,3.0,10,0,1,0,0,2
220,Pablo HernÃ¡ndez DomÃ­nguez,0,0,23,0,0,0,0,0,0,0,0,102926,4,-1151,2,0,2.8,193,MID,1.6,0.5,1.4,2.0,57,0.15714285714285714,3.0,10,0,0,1,0,3
221,Pascal Struijk,0,1,102,2,5,0,0,0,0,0,0,1357387,18,155190,2,0,2.8,211,DEF,1.0,2.3,22.0,0.0,39,0.6984126984126984,3.0,10,0,1,0,0,2
222,Patrick Bamford,2,2,60,2,5,1,0,0,0,0,0,18743745,21,789576,2,0,2.8,202,FWD,11.3,9.7,23.6,62.0,65,0.665079365079365,3.0,10,0,0,0,1,4
223,Raphael Dias Belloli,1,3,98,2,5,2,0,0,0,0,0,622063,28,70561,2,0,2.8,570,MID,4.8,6.4,37.6,22.0,54,0.6396825396825396,3.0,10,0,0,1,0,3
224,Robin Koch,0,0,0,0,0,0,0,0,0,0,0,137715,0,-9554,2,0,2.8,491,DEF,0.0,0.0,0.0,0.0,44,0.0,3.0,10,0,1,0,0,2
225,Rodrigo Moreno,1,2,62,1,5,1,0,0,0,0,0,1113675,17,59004,2,1,2.8,492,FWD,38.0,10.1,46.0,17.0,57,0.5428571428571428,3.0,10,0,0,0,1,4
226,Stuart Dallas,1,3,93,2,5,0,0,0,0,0,0,5320371,23,488685,2,0,2.8,200,DEF,29.3,7.3,31.2,12.0,47,0.7142857142857143,3.0,10,0,1,0,0,2
227,Tyler Roberts,0,0,9,0,0,0,0,0,0,0,0,22477,2,-315,2,0,2.8,206,MID,0.0,0.0,0.0,0.0,47,0.09206349206349207,3.0,10,0,0,1,0,3
228,Adama TraorÃ©,1,0,61,1,8,0,0,0,0,0,0,2578781,14,-45015,3,0,3.1666666666666665,465,MID,38.8,9.0,18.0,33.0,61,0.7126984126984127,3.166666667,20,0,0,1,0,3
229,Andreas SÃ¶ndergaard,0,0,0,0,0,0,0,0,0,0,0,103592,0,15405,2,0,2.75,617,GK,0.0,0.0,0.0,0.0,40,0.0,3.166666667,20,1,0,0,0,1
230,Bruno AndrÃ© Cavaco Jordao,0,0,0,0,0,0,0,0,0,0,0,109383,0,-1552,3,0,3.1666666666666665,475,MID,0.0,0.0,0.0,0.0,43,0.0,3.166666667,20,0,0,1,0,3
231,Christian Marques,0,0,0,0,0,0,0,0,0,0,0,8211,0,814,2,0,3.0,616,DEF,0.0,0.0,0.0,0.0,40,0.0,3.166666667,20,0,1,0,0,2
232,Conor Coady,0,0,80,1,10,0,0,0,0,0,0,2661179,12,-109920,3,1,3.1666666666666665,459,DEF,0.3,0.1,0.4,0.0,49,0.8142857142857143,3.166666667,20,0,1,0,0,2
233,Daniel Castelo Podence,0,0,15,1,2,0,0,0,0,0,0,1700765,5,-295131,3,1,3.1666666666666665,469,MID,0.0,0.0,0.0,0.0,54,0.3111111111111111,3.166666667,20,0,0,1,0,3
234,Fabio Silva,0,1,34,0,10,1,0,0,0,0,0,591489,13,70944,3,1,3.1666666666666665,504,FWD,19.8,12.6,33.0,73.0,52,0.5793650793650794,3.166666667,20,0,0,0,1,4
235,Fernando MarÃ§al,0,0,7,0,1,0,0,0,0,0,0,54891,1,-4376,3,1,3.1666666666666665,505,DEF,0.0,0.0,0.0,0.0,48,0.11746031746031746,3.166666667,20,0,1,0,0,2
236,John Ruddy,0,0,0,0,0,0,0,0,0,0,0,116534,0,-1567,3,0,3.1666666666666665,453,GK,0.0,0.0,0.0,0.0,43,0.0,3.166666667,20,1,0,0,0,1
237,Jonathan Castro Otto,0,0,0,0,0,0,0,0,0,0,0,9478,0,-4,3,0,3.1666666666666665,462,DEF,0.0,0.0,0.0,0.0,54,0.0,3.166666667,20,0,1,0,0,2
238,JoÃ£o Filipe Iria Santos Moutinho,0,0,65,0,10,0,0,0,0,0,0,437055,11,-6478,3,0,3.1666666666666665,454,MID,10.8,1.8,7.6,0.0,52,0.6761904761904762,3.166666667,20,0,0,1,0,3
239,Ki-Jana Hoever,0,0,17,0,2,0,0,0,0,0,0,20870,3,280,3,1,3.1666666666666665,545,DEF,0.0,0.0,0.0,0.0,44,0.25555555555555554,3.166666667,20,0,1,0,0,2
240,Leander Dendoncker,0,0,23,1,5,0,0,0,0,0,0,293386,6,-20867,3,1,3.1666666666666665,464,MID,49.1,7.9,9.0,21.0,47,0.42857142857142855,3.166666667,20,0,0,1,0,3
241,Leonardo Campana,0,0,0,0,0,0,0,0,0,0,0,142571,0,-454,3,0,3.1666666666666665,476,FWD,0.0,0.0,0.0,0.0,48,0.0,3.166666667,20,0,0,0,1,4
242,Lewis Richards,0,0,0,0,0,0,0,0,0,0,0,7067,0,873,2,0,3.0,615,DEF,0.0,0.0,0.0,0.0,40,0.0,3.166666667,20,0,1,0,0,2
243,Luke Cundle,0,0,0,0,0,0,0,0,0,0,0,2730,0,344,3,0,3.1666666666666665,614,MID,0.0,0.0,0.0,0.0,45,0.0,3.166666667,20,0,0,1,0,3
244,LÃ©o Bonatini,0,0,0,0,0,0,0,0,0,0,0,59011,0,-587,3,0,3.1666666666666665,463,FWD,0.0,0.0,0.0,0.0,48,0.0,3.166666667,20,0,0,0,1,4
245,Matija Sarkic,0,0,0,0,0,0,0,0,0,0,0,44774,0,-802,3,0,3.1666666666666665,472,GK,0.0,0.0,0.0,0.0,44,0.0,3.166666667,20,1,0,0,0,1
246,Max Kilman,0,0,42,1,2,0,0,0,0,0,0,4475640,9,-238273,3,0,3.1666666666666665,470,DEF,0.0,0.0,0.0,0.0,41,0.326984126984127,3.166666667,20,0,1,0,0,2
247,Meritan Shabani,0,0,0,0,0,0,0,0,0,0,0,17758,0,-35,3,0,3.1666666666666665,553,MID,0.0,0.0,0.0,0.0,44,0.0,3.166666667,20,0,0,1,0,3
248,Morgan Gibbs-White,0,0,15,0,1,0,0,0,0,0,0,3034,3,84,3,0,3.1666666666666665,473,MID,33.0,4.2,9.2,0.0,49,0.14761904761904762,3.166666667,20,0,0,1,0,3
249,Nigel Lonwijk,0,0,0,0,0,0,0,0,0,0,0,1411,0,387,2,0,3.0,629,DEF,0.0,0.0,0.0,0.0,40,0.0,3.166666667,20,0,1,0,0,2
250,NÃ©lson Cabral Semedo,1,0,91,1,9,0,0,0,0,0,0,1041692,11,-68511,3,3,3.1666666666666665,546,DEF,4.8,4.6,20.8,20.0,53,0.7142857142857143,3.166666667,20,0,1,0,0,2
251,Oskar Buur,0,0,0,0,0,0,0,0,0,0,0,1189051,0,-14323,3,0,3.1666666666666665,467,DEF,0.0,0.0,0.0,0.0,39,0.0,3.166666667,20,0,1,0,0,2
252,Owen Otasowie,0,0,8,0,0,0,0,0,0,0,0,13660,2,-108,3,0,3.1666666666666665,581,MID,0.0,0.0,0.0,0.0,45,0.015873015873015872,3.166666667,20,0,0,1,0,3
253,Patrick Cutrone,0,0,5,0,0,0,0,0,0,0,0,6373,2,1298,2,0,3.0,626,FWD,0.0,0.2,0.0,4.0,60,0.03650793650793651,3.166666667,20,0,0,0,1,4
254,Pedro Lomba Neto,2,1,91,2,9,0,0,0,0,0,0,6439531,20,-88671,3,1,3.1666666666666665,474,MID,82.5,11.8,19.8,16.0,60,0.8206349206349206,3.166666667,20,0,0,1,0,3
255,Rayan Ait Nouri,1,2,60,0,6,0,0,0,0,0,0,84285,12,-2427,3,0,3.1666666666666665,563,DEF,1.2,0.2,0.0,1.0,50,0.5650793650793651,3.166666667,20,0,1,0,0,2
256,RaÃºl JimÃ©nez,0,0,0,0,0,0,0,0,0,0,0,2431768,0,-57278,3,0,3.1666666666666665,460,FWD,0.0,0.0,0.0,0.0,82,0.0,3.166666667,20,0,0,0,1,4
257,Romain SaÃ¯ss,0,2,90,0,10,2,0,0,0,0,0,4387945,21,120076,3,0,3.1666666666666665,461,DEF,6.7,2.8,13.6,8.0,51,0.7142857142857143,3.166666667,20,0,1,0,0,2
258,Rui Pedro dos Santos PatrÃ­cio,0,2,81,1,10,0,0,0,0,0,13,2518997,15,-120669,3,1,3.1666666666666665,455,GK,0.0,1.5,15.0,0.0,54,0.8571428571428571,3.166666667,20,1,0,0,0,1
259,Ryan Bennett,0,0,0,0,0,0,0,0,0,0,0,54012,0,-998,3,0,3.1666666666666665,456,DEF,0.0,0.0,0.0,0.0,44,0.0,3.166666667,20,0,1,0,0,2
260,RÃºben Diogo da Silva Neves,0,3,119,1,10,2,0,0,0,0,0,617904,25,7200,3,0,3.1666666666666665,466,MID,0.8,1.2,1.8,9.0,52,0.807936507936508,3.166666667,20,0,0,1,0,3
261,RÃºben GonÃ§alo Silva Nascimento Vinagre,0,0,0,0,0,0,0,0,0,0,0,395159,0,-9871,3,0,3.1666666666666665,471,DEF,0.0,0.0,0.0,0.0,41,0.0,3.166666667,20,0,1,0,0,2
262,Taylor Perry,0,0,0,0,0,0,0,0,0,0,0,2624,0,185,3,0,3.1666666666666665,611,MID,0.0,0.0,0.0,0.0,45,0.0,3.166666667,20,0,0,1,0,3
263,Theo Corbeanu,0,0,0,0,0,0,0,0,0,0,0,1168,0,64,3,0,3.1666666666666665,610,MID,0.0,0.0,0.0,0.0,45,0.0,3.166666667,20,0,0,1,0,3
264,Vitor Ferreira,0,0,25,0,2,0,0,0,0,0,0,15877,5,24,3,0,3.1666666666666665,515,MID,0.0,0.0,0.0,0.0,48,0.19365079365079366,3.166666667,20,0,0,1,0,3
265,Willian JosÃ© Da Silva,0,0,3,0,0,0,0,0,0,0,0,1743,1,1647,0,0,4.0,642,FWD,0.3,0.6,6.0,0.0,70,0.02857142857142857,3.166666667,20,0,0,0,1,4
266,Willy Boly,1,2,57,1,3,1,0,0,0,0,0,730347,18,-49560,3,0,3.1666666666666665,458,DEF,10.8,15.4,68.8,74.0,54,0.2857142857142857,3.166666667,20,0,1,0,0,2
267,Adrien Silva,0,0,0,0,0,0,0,0,0,0,0,110979,0,-1612,3,0,3.3333333333333335,220,MID,0.0,0.0,0.0,0.0,44,0.0,3.166666667,9,0,0,1,0,3
268,Ayoze PÃ©rez,0,0,17,0,2,0,0,0,0,0,0,344019,7,-5658,3,0,3.3333333333333335,229,MID,31.8,6.7,17.8,17.0,60,0.34285714285714286,3.166666667,9,0,0,1,0,3
269,Cengiz Ãnder,0,0,3,0,0,0,0,0,0,0,0,26079,1,-1767,3,0,3.3333333333333335,541,MID,0.0,0.0,0.0,0.0,58,0.03492063492063492,3.166666667,9,0,0,1,0,3
270,Christian Fuchs,0,0,0,0,0,0,0,0,0,0,0,134766,0,-11977,3,0,3.3333333333333335,218,DEF,0.0,0.0,0.0,0.0,45,0.0,3.166666667,9,0,1,0,0,2
271,Daniel Amartey,0,0,17,0,1,0,0,0,0,0,0,458433,2,12501,3,0,3.3333333333333335,227,DEF,0.6,2.0,13.2,6.0,39,0.14285714285714285,3.166666667,9,0,1,0,0,2
272,Danny Ward,0,0,0,0,0,0,0,0,0,0,0,80527,0,-953,3,0,3.3333333333333335,223,GK,0.0,0.0,0.0,0.0,44,0.0,3.166666667,9,1,0,0,0,1
273,Demarai Gray,0,0,3,0,0,0,0,0,0,0,0,34833,1,-238,3,0,3.3333333333333335,230,MID,1.3,0.5,0.2,3.0,52,0.02857142857142857,3.166666667,9,0,0,1,0,3
274,Dennis Praet,0,0,12,0,1,0,0,0,0,0,0,101903,2,-7116,3,0,3.3333333333333335,225,MID,16.8,3.9,5.8,16.0,53,0.10317460317460317,3.166666667,9,0,0,1,0,3
275,Filip Benkovic,0,0,0,0,0,0,0,0,0,0,0,10512,0,-137,3,0,3.3333333333333335,237,DEF,0.0,0.0,0.0,0.0,43,0.0,3.166666667,9,0,1,0,0,2
276,Hamza Choudhury,0,0,1,0,0,0,0,0,0,0,0,25448,0,-275,3,1,3.3333333333333335,234,MID,1.9,0.5,1.0,2.0,47,0.08888888888888889,3.166666667,9,0,0,1,0,3
277,Harvey Barnes,2,3,103,2,5,3,0,0,0,0,0,1928077,38,273727,3,0,3.3333333333333335,235,MID,4.6,7.1,32.2,34.0,67,0.8571428571428571,3.166666667,9,0,0,1,0,3
278,Islam Slimani,0,0,0,0,0,0,0,0,0,0,0,37193,0,-1583,3,0,3.3333333333333335,579,FWD,0.0,0.0,0.0,0.0,49,0.0,3.166666667,9,0,0,0,1,4
279,James Justin,0,2,107,2,5,0,0,0,0,0,0,11914667,19,481967,3,2,3.3333333333333335,239,DEF,40.3,7.4,31.4,2.0,50,0.8571428571428571,3.166666667,9,0,1,0,0,2
280,James Maddison,1,3,102,3,3,3,0,0,0,0,0,3196197,33,615525,3,1,3.3333333333333335,231,MID,0.0,0.0,0.0,0.0,72,0.6492063492063492,3.166666667,9,0,0,1,0,3
281,Jamie Vardy,2,0,34,2,3,0,0,0,0,0,0,12577977,15,-103180,3,0,3.3333333333333335,224,FWD,0.2,0.1,1.2,0.0,101,0.6047619047619047,3.166666667,9,0,0,0,1,4
282,Jonny Evans,1,5,126,2,5,0,0,0,0,0,0,241596,27,28769,3,0,3.3333333333333335,219,DEF,31.8,6.9,37.6,0.0,55,0.834920634920635,3.166666667,9,0,1,0,0,2
283,Kasper Schmeichel,0,3,97,2,5,0,0,0,0,0,12,4727478,24,-24676,3,0,3.3333333333333335,217,GK,0.0,0.4,3.6,0.0,55,0.8571428571428571,3.166666667,9,1,0,0,0,1
284,Kelechi Iheanacho,0,0,-3,0,1,0,0,1,0,0,0,131923,2,3771,3,0,3.3333333333333335,233,FWD,1.8,4.5,1.0,42.0,56,0.11746031746031746,3.166666667,9,0,0,0,1,4
285,Luke Thomas,0,0,12,0,1,0,0,0,0,0,0,84667,2,-757,3,0,3.3333333333333335,240,DEF,16.4,3.1,12.6,2.0,42,0.14285714285714285,3.166666667,9,0,1,0,0,2
286,Marc Albrighton,2,0,59,2,4,0,0,0,0,0,0,58158,17,1859,3,1,3.3333333333333335,221,MID,0.0,0.0,0.0,0.0,53,0.6396825396825396,3.166666667,9,0,0,1,0,3
287,Matty James,0,0,0,0,0,0,0,0,0,0,0,133151,0,-3984,3,0,3.3333333333333335,222,MID,0.0,0.0,0.0,0.0,43,0.0,3.166666667,9,0,0,1,0,3
288,Nampalys Mendy,0,0,19,0,1,0,0,0,0,0,0,1067431,3,-55888,3,0,3.3333333333333335,518,MID,5.7,1.3,7.0,0.0,45,0.21904761904761905,3.166666667,9,0,0,1,0,3
289,Ricardo Domingos Barbosa Pereira,0,0,2,0,0,0,0,0,0,0,0,37338,1,1393,3,0,3.3333333333333335,226,DEF,0.0,0.0,0.0,0.0,59,0.020634920634920634,3.166666667,9,0,1,0,0,2
290,Timothy Castagne,0,0,83,2,4,0,0,0,0,0,0,2307709,17,4818,3,0,3.3333333333333335,498,DEF,0.0,0.0,0.0,0.0,57,0.7142857142857143,3.166666667,9,0,1,0,0,2
291,Wes Morgan,0,0,0,0,0,0,0,0,0,0,0,58574,0,-911,3,0,3.3333333333333335,216,DEF,0.0,0.0,0.0,0.0,44,0.0,3.166666667,9,0,1,0,0,2
292,Wesley Fofana,0,1,71,1,4,0,0,0,0,0,0,346920,11,16379,3,2,3.3333333333333335,561,DEF,0.0,0.0,0.0,0.0,50,0.653968253968254,3.166666667,9,0,1,0,0,2
293,Wilfred Ndidi,0,3,80,2,4,1,0,0,0,0,0,296786,18,7304,3,1,3.3333333333333335,236,MID,0.0,0.0,0.0,0.0,48,0.6365079365079365,3.166666667,9,0,0,1,0,3
294,Youri Tielemans,2,8,137,2,5,2,0,0,0,0,0,1029413,36,10864,3,1,3.3333333333333335,228,MID,2.5,1.8,7.4,8.0,64,0.7666666666666667,3.166666667,9,0,0,1,0,3
295,Ãaglar SÃ¶yÃ¼ncÃ¼,0,0,14,0,1,0,0,0,0,0,0,1267937,3,-7551,3,0,3.3333333333333335,238,DEF,0.0,0.0,0.0,0.0,53,0.09682539682539683,3.166666667,9,0,1,0,0,2
296,AdriÃ¡n BernabÃ©,0,0,0,0,0,0,0,0,0,0,0,5708,0,-167,4,0,2.6666666666666665,537,MID,0.0,0.0,0.0,0.0,45,0.0,3.666666667,12,0,0,1,0,3
297,Aymeric Laporte,0,0,7,0,0,0,0,0,0,0,0,1072898,1,-40276,4,0,2.6666666666666665,280,DEF,1.9,1.0,4.2,4.0,60,0.06031746031746032,3.666666667,12,0,1,0,0,2
298,Benjamin Mendy,0,0,0,0,0,0,0,0,0,0,0,738174,0,-44157,4,0,2.6666666666666665,274,DEF,0.0,0.0,0.0,0.0,59,0.0,3.666666667,12,0,1,0,0,2
299,Bernardo Mota Veiga de Carvalho e Silva,1,1,100,3,1,1,0,0,0,0,0,324729,21,39280,4,1,2.6666666666666665,281,MID,26.3,5.7,20.8,10.0,74,0.7587301587301587,3.666666667,12,0,0,1,0,3
300,Claudio Bravo,0,0,0,0,0,0,0,0,0,0,0,10661,0,-116,4,0,2.6666666666666665,267,GK,0.0,0.0,0.0,0.0,45,0.0,3.666666667,12,1,0,0,0,1
301,Cole Palmer,0,0,0,0,0,0,0,0,0,0,0,6483,0,-112,4,0,2.6666666666666665,552,MID,0.0,0.0,0.0,0.0,44,0.0,3.666666667,12,0,0,1,0,3
302,Ederson Santana de Moraes,0,0,119,5,0,0,0,0,0,0,8,3062374,31,167623,4,0,2.6666666666666665,278,GK,0.0,1.4,13.6,0.0,60,0.7142857142857143,3.666666667,12,1,0,0,0,1
303,Eric Garcia,0,0,0,0,0,0,0,0,0,0,0,71944,0,-1285,4,0,2.6666666666666665,288,DEF,0.0,0.0,0.0,0.0,47,0.0,3.666666667,12,0,1,0,0,2
304,Felix Nmecha,0,0,0,0,0,0,0,0,0,0,0,906,0,54,4,0,2.6666666666666665,609,MID,0.0,0.0,0.0,0.0,45,0.0,3.666666667,12,0,0,1,0,3
305,Fernando Luiz Rosa,0,0,39,1,1,0,0,0,0,0,0,331053,8,1257,4,0,2.6666666666666665,266,DEF,0.0,0.0,0.0,0.0,54,0.21904761904761905,3.666666667,12,0,1,0,0,2
306,Ferran Torres,1,0,42,1,0,1,0,0,0,0,0,566761,13,-64674,4,0,2.6666666666666665,287,MID,13.7,3.7,3.0,20.0,69,0.2111111111111111,3.666666667,12,0,0,1,0,3
307,Gabriel Fernando de Jesus,1,0,30,1,0,0,0,0,0,0,0,665300,8,59742,4,0,2.6666666666666665,282,FWD,14.1,2.3,2.8,6.0,91,0.2761904761904762,3.666666667,12,0,0,0,1,4
308,Ilkay GÃ¼ndogan,0,9,193,5,0,6,0,0,0,0,0,1658921,55,783054,4,0,2.6666666666666665,271,MID,18.6,12.0,75.6,26.0,56,0.7380952380952381,3.666666667,12,0,0,1,0,3
309,James Trafford,0,0,0,0,0,0,0,0,0,0,0,54470,0,342,4,0,2.6666666666666665,595,GK,0.0,0.0,0.0,0.0,40,0.0,3.666666667,12,1,0,0,0,1
310,John Stones,0,3,170,5,1,2,0,0,0,0,0,4517766,47,1459765,4,0,2.6666666666666665,273,DEF,4.8,2.3,18.4,0.0,51,0.8571428571428571,3.666666667,12,0,1,0,0,2
311,JoÃ£o Pedro Cavaco Cancelo,1,5,160,4,1,1,0,0,0,0,0,5561476,40,803532,4,1,2.6666666666666665,277,DEF,53.0,15.3,73.4,27.0,58,0.7444444444444445,3.666666667,12,0,1,0,0,2
312,Kevin De Bruyne,3,3,117,4,0,1,0,0,0,0,0,12392378,30,-222112,4,0,2.6666666666666665,272,MID,0.0,0.0,0.0,0.0,119,0.6238095238095238,3.666666667,12,0,0,1,0,3
313,Kyle Walker,0,0,25,1,0,0,0,0,0,0,0,3111733,7,-282489,4,0,2.6666666666666665,270,DEF,0.0,0.0,0.0,0.0,61,0.18571428571428572,3.666666667,12,0,1,0,0,2
314,Liam Delap,0,0,0,0,0,0,0,0,0,0,0,534547,0,5027,4,0,2.6666666666666665,539,FWD,0.0,0.0,0.0,0.0,44,0.0,3.666666667,12,0,0,0,1,4
315,Luke Mbete,0,0,0,0,0,0,0,0,0,0,0,2187,0,233,3,0,2.6,622,DEF,0.0,0.0,0.0,0.0,40,0.0,3.666666667,12,0,1,0,0,2
316,Nathan AkÃ©,0,1,32,1,0,0,0,0,0,0,0,1415080,7,-52267,4,0,2.6666666666666665,279,DEF,0.0,0.0,0.0,0.0,54,0.14285714285714285,3.666666667,12,0,1,0,0,2
317,NicolÃ¡s Otamendi,0,0,0,0,0,0,0,0,0,0,0,93368,0,-698,4,0,2.6666666666666665,269,DEF,0.0,0.0,0.0,0.0,49,0.0,3.666666667,12,0,1,0,0,2
318,Oleksandr Zinchenko,0,2,116,4,1,0,0,0,0,0,0,125282,28,12500,4,0,2.6666666666666665,283,DEF,24.7,4.1,16.6,0.0,55,0.6698412698412698,3.666666667,12,0,1,0,0,2
319,Phil Foden,1,6,105,3,0,2,0,0,0,0,0,3758910,31,1062883,4,0,2.6666666666666665,284,MID,26.8,8.0,14.2,39.0,63,0.5365079365079365,3.666666667,12,0,0,1,0,3
320,Raheem Sterling,3,0,107,4,1,2,0,1,0,0,0,2483124,32,426408,4,0,2.6666666666666665,276,MID,20.8,18.1,55.0,105.0,115,0.6968253968253968,3.666666667,12,0,0,1,0,3
321,Riyad Mahrez,1,1,59,2,1,1,0,0,0,0,0,1933836,17,-346157,4,0,2.6666666666666665,275,MID,33.2,14.2,57.0,52.0,81,0.28253968253968254,3.666666667,12,0,0,1,0,3
322,Rodrigo Hernandez,1,3,81,3,1,0,0,0,0,0,0,212403,17,-1582,4,1,2.6666666666666665,286,MID,9.6,1.9,8.0,1.0,54,0.6603174603174603,3.666666667,12,0,0,1,0,3
323,RÃºben Santos Gato Alves Dias,1,4,169,5,1,0,0,0,0,0,0,4973482,39,959575,4,0,2.6666666666666665,556,DEF,1.5,2.1,19.2,0.0,59,0.8571428571428571,3.666666667,12,0,1,0,0,2
324,Scott Carson,0,0,0,0,0,0,0,0,0,0,0,12678,0,915,4,0,2.6666666666666665,608,GK,0.0,0.0,0.0,0.0,40,0.0,3.666666667,12,1,0,0,0,1
325,Sergio AgÃ¼ero,0,0,3,0,1,0,0,0,0,0,0,627686,2,-36165,4,0,2.6666666666666665,268,FWD,0.0,0.0,0.0,0.0,103,0.026984126984126985,3.666666667,12,0,0,0,1,4
326,Taylor Harwood-Bellis,0,0,0,0,0,0,0,0,0,0,0,2021,0,176,3,0,2.6,623,DEF,0.0,0.0,0.0,0.0,40,0.0,3.666666667,12,0,1,0,0,2
327,Tommy Doyle,0,0,0,0,0,0,0,0,0,0,0,40370,0,-1436,4,0,2.6666666666666665,285,MID,0.0,0.0,0.0,0.0,44,0.0,3.666666667,12,0,0,1,0,3
328,Zack Steffen,0,0,8,0,1,0,0,0,0,0,1,84827,2,1139,4,0,2.6666666666666665,538,GK,0.0,0.0,0.0,0.0,44,0.14285714285714285,3.666666667,12,1,0,0,0,1
329,AdriÃ¡n San Miguel del Castillo,0,0,0,0,0,0,0,0,0,0,0,173022,0,-3412,3,0,3.1666666666666665,245,GK,0.0,0.0,0.0,0.0,43,0.0,3.333333333,11,1,0,0,0,1
330,Alex Oxlade-Chamberlain,0,0,8,0,1,0,0,0,0,0,0,22810,3,503,3,0,3.1666666666666665,248,MID,11.3,2.3,3.0,9.0,63,0.18888888888888888,3.333333333,11,0,0,1,0,3
331,Alisson Ramses Becker,0,3,118,2,4,0,0,0,0,0,13,3162089,25,36543,3,0,3.1666666666666665,252,GK,0.0,1.6,15.8,0.0,59,0.8571428571428571,3.333333333,11,1,0,0,0,1
332,Andrew Robertson,0,3,118,2,4,0,0,0,0,0,0,10200831,22,246463,3,1,3.1666666666666665,255,DEF,32.4,5.0,11.6,6.0,73,0.8571428571428571,3.333333333,11,0,1,0,0,2
333,Caoimhin Kelleher,0,0,0,0,0,0,0,0,0,0,0,63144,0,-7669,3,0,3.1666666666666665,560,GK,0.0,0.0,0.0,0.0,45,0.0,3.333333333,11,1,0,0,0,1
334,Curtis Jones,0,0,27,1,1,0,0,0,0,0,0,700668,7,-13894,3,0,3.1666666666666665,263,MID,11.3,2.1,9.4,0.0,44,0.2777777777777778,3.333333333,11,0,0,1,0,3
335,Diogo Jota,0,0,0,0,0,0,0,0,0,0,0,1445996,0,-252495,3,0,3.1666666666666665,468,MID,0.0,0.0,0.0,0.0,67,0.0,3.333333333,11,0,0,1,0,3
336,Divock Origi,0,0,7,0,0,0,0,0,0,0,0,276693,4,-922,3,0,3.1666666666666665,256,FWD,0.0,0.0,0.0,0.0,52,0.10317460317460317,3.333333333,11,0,0,0,1,4
337,Fabio Henrique Tavares,0,0,63,2,3,0,0,0,0,0,0,477229,9,220,3,3,3.1666666666666665,253,MID,4.5,1.9,13.2,1.0,54,0.7142857142857143,3.333333333,11,0,0,1,0,3
338,Georginio Wijnaldum,0,0,70,1,4,0,0,0,0,0,0,759676,12,-8450,3,0,3.1666666666666665,243,MID,41.8,6.6,18.6,6.0,53,0.746031746031746,3.333333333,11,0,0,1,0,3
339,Harry Wilson,0,0,0,0,0,0,0,0,0,0,0,12259,0,-77,3,0,3.1666666666666665,257,MID,0.0,0.0,0.0,0.0,51,0.0,3.333333333,11,0,0,1,0,3
340,Harvey Elliott,0,0,0,0,0,0,0,0,0,0,0,46567,0,-1364,3,0,3.1666666666666665,265,MID,0.0,0.0,0.0,0.0,43,0.0,3.333333333,11,0,0,1,0,3
341,Jake Cain,0,0,0,0,0,0,0,0,0,0,0,1101,0,31,3,0,3.1666666666666665,607,MID,0.0,0.0,0.0,0.0,45,0.0,3.333333333,11,0,0,1,0,3
342,James Milner,0,0,41,1,1,0,0,0,0,0,0,53126,6,-835,3,1,3.1666666666666665,241,MID,0.0,0.0,0.0,0.0,53,0.27936507936507937,3.333333333,11,0,0,1,0,3
343,Joel Matip,1,3,54,0,1,0,0,0,0,0,0,614619,9,-8444,3,1,3.1666666666666665,246,DEF,16.0,5.0,33.8,0.0,55,0.30793650793650795,3.333333333,11,0,1,0,0,2
344,Jordan Henderson,0,0,75,2,3,0,0,0,0,0,0,747745,12,24407,3,0,3.1666666666666665,244,MID,29.4,5.3,21.0,3.0,54,0.7142857142857143,3.333333333,11,0,0,1,0,3
345,Joseph Gomez,0,0,0,0,0,0,0,0,0,0,0,559226,0,-9104,3,0,3.1666666666666665,260,DEF,0.0,0.0,0.0,0.0,53,0.0,3.333333333,11,0,1,0,0,2
346,Konstantinos Tsimikas,0,0,0,0,0,0,0,0,0,0,0,15743,0,-261,3,0,3.1666666666666665,242,DEF,0.0,0.0,0.0,0.0,49,0.0,3.333333333,11,0,1,0,0,2
347,Leighton Clarkson,0,0,0,0,0,0,0,0,0,0,0,1881,0,-34,3,0,3.1666666666666665,601,MID,0.0,0.0,0.0,0.0,45,0.0,3.333333333,11,0,0,1,0,3
348,Mohamed Salah,0,0,20,2,4,0,0,0,0,0,0,19888421,13,637303,3,0,3.1666666666666665,254,MID,21.0,5.3,0.0,33.0,126,0.7666666666666667,3.333333333,11,0,0,1,0,3
349,Naby Keita,0,0,0,0,0,0,0,0,0,0,0,91519,0,-1416,3,0,3.1666666666666665,261,MID,0.0,0.0,0.0,0.0,52,0.0,3.333333333,11,0,0,1,0,3
350,Nathaniel Phillips,0,0,22,1,1,0,0,0,0,0,0,334452,5,-11901,3,2,3.1666666666666665,589,DEF,0.0,0.0,0.0,0.0,40,0.21428571428571427,3.333333333,11,0,1,0,0,2
351,Neco Williams,0,0,0,0,0,0,0,0,0,0,0,2161463,0,-99873,3,0,3.1666666666666665,264,DEF,0.0,0.0,0.0,0.0,40,0.0,3.333333333,11,0,1,0,0,2
352,Rhys Williams,0,0,3,0,1,0,0,0,0,0,0,166946,1,-3474,3,0,3.1666666666666665,594,DEF,0.7,0.9,4.2,4.0,40,0.047619047619047616,3.333333333,11,0,1,0,0,2
353,Roberto Firmino,0,1,65,2,4,1,0,0,0,0,0,2336349,16,262692,3,0,3.1666666666666665,249,FWD,10.3,5.9,5.4,43.0,93,0.7492063492063492,3.333333333,11,0,0,0,1,4
354,Sadio ManÃ©,2,4,108,2,4,2,0,0,0,0,0,3584643,34,64204,3,0,3.1666666666666665,251,MID,15.0,12.1,41.4,65.0,119,0.8571428571428571,3.333333333,11,0,0,1,0,3
355,Takumi Minamino,0,0,3,0,0,0,0,0,0,0,0,82308,1,1475,3,0,3.1666666666666665,258,MID,0.0,0.0,0.0,0.0,60,0.009523809523809525,3.333333333,11,0,0,1,0,3
356,Thiago AlcÃ¡ntara do Nascimento,0,0,54,1,3,0,0,0,0,0,0,482605,8,47849,3,2,3.1666666666666665,531,MID,0.0,0.0,0.0,0.0,57,0.5777777777777777,3.333333333,11,0,0,1,0,3
357,Trent Alexander-Arnold,1,3,128,2,4,1,0,0,0,0,0,6602272,32,38013,3,0,3.1666666666666665,259,DEF,73.0,10.7,18.0,16.0,72,0.834920634920635,3.333333333,11,0,1,0,0,2
358,Virgil van Dijk,0,0,0,0,0,0,0,0,0,0,0,3239513,0,-26234,3,0,3.1666666666666665,250,DEF,0.0,0.0,0.0,0.0,63,0.0,3.333333333,11,0,1,0,0,2
359,Xherdan Shaqiri,0,0,23,1,1,0,0,0,0,0,0,26427,5,721,3,2,3.1666666666666665,247,MID,0.0,0.0,0.0,0.0,64,0.3047619047619048,3.333333333,11,0,0,1,0,3
360,Ahmed El Mohamady,0,0,3,0,0,0,0,0,0,0,0,164996,1,-1105,2,0,3.6666666666666665,29,DEF,0.5,0.1,0.2,0.0,43,0.006349206349206349,3.0,2,0,1,0,0,2
361,Anwar El Ghazi,0,2,73,1,5,2,0,0,0,0,0,1502272,21,299282,2,1,3.6666666666666665,45,MID,35.2,16.9,52.4,81.0,57,0.45714285714285713,3.0,2,0,0,1,0,3
362,Bertrand TraorÃ©,0,1,101,2,6,3,0,0,0,0,0,210797,29,45219,2,0,3.6666666666666665,540,MID,42.2,10.7,38.6,26.0,59,0.6936507936507936,3.0,2,0,0,1,0,3
363,Bjorn Engels,0,0,0,0,0,0,0,0,0,0,0,30507,0,-72,2,0,3.6666666666666665,36,DEF,0.0,0.0,0.0,0.0,44,0.0,3.0,2,0,1,0,0,2
364,Conor Hourihane,0,0,0,0,0,0,0,0,0,0,0,55500,0,-1441,2,0,3.6666666666666665,33,MID,0.0,0.0,0.0,0.0,60,0.0,3.0,2,0,0,1,0,3
365,Douglas Luiz Soares de Paulo,1,0,70,2,8,0,0,0,0,0,0,110308,17,232,2,0,3.6666666666666665,52,MID,3.2,1.4,6.4,4.0,49,0.8539682539682539,3.0,2,0,0,1,0,3
366,Emiliano MartÃ­nez,0,2,143,2,8,0,0,0,0,0,27,14335711,26,458926,2,0,3.6666666666666665,12,GK,0.0,3.4,34.2,0.0,49,0.8571428571428571,3.0,2,1,0,0,0,1
367,Ezri Konsa Ngoyo,0,2,74,1,8,0,0,0,0,0,0,2910714,14,-243942,2,0,3.6666666666666665,46,DEF,0.2,0.4,3.8,0.0,48,0.7857142857142857,3.0,2,0,1,0,0,2
368,FrÃ©dÃ©ric Guilbert,0,0,0,0,0,0,0,0,0,0,0,36316,0,-344,2,0,3.6666666666666665,47,DEF,0.0,0.0,0.0,0.0,43,0.0,3.0,2,0,1,0,0,2
369,Henri Lansbury,0,0,0,0,0,0,0,0,0,0,0,50302,0,-1018,2,0,3.6666666666666665,30,MID,0.0,0.0,0.0,0.0,43,0.0,3.0,2,0,0,1,0,3
370,Indiana Vassilev,0,0,0,0,0,0,0,0,0,0,0,315895,0,1824,2,0,3.6666666666666665,51,FWD,0.0,0.0,0.0,0.0,43,0.0,3.0,2,0,0,0,1,4
371,Jack Grealish,2,3,119,2,8,1,0,0,0,0,0,18063047,27,-334024,2,1,3.6666666666666665,37,MID,67.3,13.5,28.4,39.0,78,0.8523809523809524,3.0,2,0,0,1,0,3
372,Jacob Ramsey,0,0,13,0,2,0,0,0,0,0,0,43197,5,-410,2,0,3.6666666666666665,554,MID,0.0,0.0,0.0,0.0,45,0.06984126984126984,3.0,2,0,0,1,0,3
373,James Bree,0,0,0,0,0,0,0,0,0,0,0,3027,0,-23,2,0,3.6666666666666665,43,DEF,0.0,0.0,0.0,0.0,45,0.0,3.0,2,0,1,0,0,2
374,Jed Steer,0,0,0,0,0,0,0,0,0,0,0,2177018,0,-58123,2,0,3.6666666666666665,32,GK,0.0,0.0,0.0,0.0,40,0.0,3.0,2,1,0,0,0,1
375,John McGinn,0,0,51,1,8,0,0,0,0,0,0,669381,10,-36700,2,1,3.6666666666666665,38,MID,2.2,1.2,9.6,0.0,55,0.7142857142857143,3.0,2,0,0,1,0,3
376,JosÃ© Ignacio Peleteiro Romallo,0,0,0,0,0,0,0,0,0,0,0,20078,0,-116,2,0,3.6666666666666665,34,MID,0.0,0.0,0.0,0.0,59,0.0,3.0,2,0,0,1,0,3
377,Keinan Davis,0,0,9,0,0,0,0,0,0,0,0,4110435,3,198718,2,0,3.6666666666666665,50,FWD,0.0,0.0,0.0,0.0,43,0.015873015873015872,3.0,2,0,0,0,1,4
378,Kortney Hause,0,3,50,1,1,1,0,0,0,0,0,236843,17,42946,2,0,3.6666666666666665,39,DEF,0.2,8.9,51.6,37.0,44,0.2857142857142857,3.0,2,0,1,0,0,2
379,Mahmoud Ahmed Ibrahim Hassan,0,0,3,0,0,0,0,0,0,0,0,231708,2,-12372,2,0,3.6666666666666665,40,MID,0.0,0.0,0.0,0.0,52,0.026984126984126985,3.0,2,0,0,1,0,3
380,Marvelous Nakamba,0,0,18,1,0,0,0,0,0,0,0,348293,3,1551,2,0,3.6666666666666665,44,MID,0.0,0.0,0.0,0.0,43,0.14285714285714285,3.0,2,0,0,1,0,3
381,Matt Targett,2,3,143,3,6,0,0,0,0,0,0,2219369,31,193958,2,0,3.6666666666666665,42,DEF,1.5,2.5,23.6,0.0,46,0.8317460317460318,3.0,2,0,1,0,0,2
382,Matthew Cash,1,4,111,2,8,0,0,0,0,0,0,462154,24,40763,2,0,3.6666666666666665,496,DEF,20.5,4.2,21.4,0.0,50,0.8571428571428571,3.0,2,0,1,0,0,2
383,Mbwana Samatta,0,0,0,0,0,0,0,0,0,0,0,17268,0,-81,2,0,3.6666666666666665,49,FWD,0.0,0.0,0.0,0.0,59,0.0,3.0,2,0,0,0,1,4
384,Neil Taylor,0,0,1,0,2,0,0,0,0,0,0,88104,-1,-883,2,1,3.6666666666666665,31,DEF,0.0,0.0,0.0,0.0,43,0.023809523809523808,3.0,2,0,1,0,0,2
385,Ollie Watkins,3,0,97,2,8,2,0,0,0,0,0,4524351,29,575767,2,0,3.6666666666666665,514,FWD,37.9,20.1,23.2,140.0,61,0.8571428571428571,3.0,2,0,0,0,1,4
386,Ross Barkley,0,0,20,2,3,0,0,0,0,0,0,411449,8,-24742,2,0,3.6666666666666665,106,MID,0.0,0.0,0.0,0.0,59,0.3619047619047619,3.0,2,0,0,1,0,3
387,Tom Heaton,0,0,0,0,0,0,0,0,0,0,0,24961,0,618,2,0,3.6666666666666665,28,GK,0.0,0.0,0.0,0.0,45,0.0,3.0,2,1,0,0,0,1
388,Tyrone Mings,0,0,54,1,7,0,0,0,0,1,0,4700221,7,-311618,2,0,3.6666666666666665,41,DEF,0.2,0.0,0.0,0.0,54,0.6412698412698413,3.0,2,0,1,0,0,2
389,Wesley Moraes,0,0,0,0,0,0,0,0,0,0,0,4843,0,2,2,0,3.6666666666666665,48,FWD,0.0,0.0,0.0,0.0,60,0.0,3.0,2,0,0,0,1,4
390,Ãrjan Nyland,0,0,0,0,0,0,0,0,0,0,0,2589205,0,-144346,2,0,3.6666666666666665,35,GK,0.0,0.0,0.0,0.0,40,0.0,3.0,2,1,0,0,0,1
391,Ahmed El-Sayed Hegazy,0,0,0,0,0,0,0,0,0,0,0,69176,0,-1823,3,0,3.6666666666666665,414,DEF,0.0,0.0,0.0,0.0,41,0.0,3.0,18,0,1,0,0,2
392,Andy Lonergan,0,0,0,0,0,0,0,0,0,0,0,976,0,809,1,0,3.6666666666666665,639,GK,0.0,0.0,0.0,0.0,40,0.0,3.0,18,1,0,0,0,1
393,Branislav Ivanovic,0,0,11,0,5,0,0,0,0,0,0,52263,2,-2661,3,0,3.6666666666666665,530,DEF,0.6,0.8,7.6,0.0,45,0.1761904761904762,3.0,18,0,1,0,0,2
394,Callum Robinson,2,1,66,0,18,0,0,0,0,0,0,262809,18,35101,3,0,3.6666666666666665,358,FWD,34.6,5.4,17.2,2.0,54,0.7571428571428571,3.0,18,0,0,0,1,4
395,Cedric Kipre,0,0,0,0,0,0,0,0,0,0,0,21140,0,-147,3,0,3.6666666666666665,499,DEF,0.0,0.0,0.0,0.0,43,0.0,3.0,18,0,1,0,0,2
396,Charlie Austin,0,0,1,0,2,0,0,0,0,0,0,89176,2,-2638,3,0,3.6666666666666665,415,FWD,1.8,2.0,2.4,16.0,51,0.09047619047619047,3.0,18,0,0,0,1,4
397,Cheikh Diaby,0,0,0,0,0,0,0,0,0,0,0,12413,0,3197,2,0,3.75,621,FWD,0.0,0.0,0.0,0.0,45,0.0,3.0,18,0,0,0,1,4
398,Conor Gallagher,0,0,41,0,12,0,0,0,0,0,0,44831,6,-4673,3,2,3.6666666666666665,544,MID,4.8,3.2,17.8,9.0,55,0.5714285714285714,3.0,18,0,0,1,0,3
399,Conor Townsend,0,0,0,0,0,0,0,0,0,0,0,37479,0,-1403,3,0,3.6666666666666665,418,DEF,0.0,0.0,0.0,0.0,44,0.0,3.0,18,0,1,0,0,2
400,Dara O'Shea,0,0,58,0,19,0,0,0,0,0,0,85184,2,1294,3,2,3.6666666666666665,425,DEF,12.2,2.9,16.8,0.0,43,0.8571428571428571,3.0,18,0,1,0,0,2
401,Darnell Furlong,0,0,47,0,15,0,0,0,0,0,0,146102,4,2763,3,0,3.6666666666666665,422,DEF,1.8,1.3,7.0,4.0,45,0.6158730158730159,3.0,18,0,1,0,0,2
402,David Button,0,0,18,0,2,0,0,0,0,0,4,2009831,2,-25346,3,0,3.6666666666666665,56,GK,0.0,0.0,0.0,0.0,40,0.14285714285714285,3.0,18,1,0,0,0,1
403,Filip Krovinovic,0,0,2,0,0,0,0,0,0,0,0,5725,1,-170,3,0,3.6666666666666665,555,MID,0.0,0.0,0.0,0.0,49,0.026984126984126985,3.0,18,0,0,1,0,3
404,Grady Diangana,0,0,13,0,8,0,0,0,0,0,0,103732,5,-3160,3,0,3.6666666666666665,446,MID,0.5,0.2,0.0,2.0,51,0.32857142857142857,3.0,18,0,0,1,0,3
405,Hal Robson-Kanu,0,0,-6,0,0,0,0,0,0,0,0,39543,2,-169,3,1,3.6666666666666665,408,FWD,0.0,0.0,0.0,0.0,52,0.09047619047619047,3.0,18,0,0,0,1,4
406,Jake Livermore,0,0,26,0,9,0,0,0,0,0,0,24463,6,-818,3,0,3.6666666666666665,409,MID,0.0,0.0,0.0,0.0,47,0.4111111111111111,3.0,18,0,0,1,0,3
407,Jonathan Leko,0,0,0,0,0,0,0,0,0,0,0,11262,0,-128,3,0,3.6666666666666665,420,MID,0.0,0.0,0.0,0.0,45,0.0,3.0,18,0,0,1,0,3
408,Kamil Grosicki,1,0,26,0,4,0,0,0,0,0,0,13992,7,-9,3,0,3.6666666666666665,410,MID,0.0,0.0,0.0,0.0,53,0.21746031746031746,3.0,18,0,0,1,0,3
409,Karlan Grant,0,0,13,0,10,0,0,0,0,0,0,17593,6,-1165,3,0,3.6666666666666665,582,FWD,0.0,0.0,0.0,0.0,58,0.31746031746031744,3.0,18,0,0,0,1,4
410,Kenneth Zohore,0,0,0,0,0,0,0,0,0,0,0,16347,0,65,3,0,3.6666666666666665,416,FWD,0.0,0.0,0.0,0.0,48,0.0,3.0,18,0,0,0,1,4
411,Kieran Gibbs,0,0,52,0,10,0,0,0,0,0,0,90166,4,-728,3,0,3.6666666666666665,407,DEF,0.0,0.0,0.0,0.0,43,0.5714285714285714,3.0,18,0,1,0,0,2
412,Kyle Bartley,1,0,47,0,5,0,0,0,0,0,0,48399,7,-1897,3,0,3.6666666666666665,412,DEF,0.1,0.4,4.2,0.0,44,0.3952380952380952,3.0,18,0,1,0,0,2
413,Kyle Edwards,0,0,0,0,0,0,0,0,0,0,0,11119,0,-64,3,0,3.6666666666666665,421,MID,0.0,0.0,0.0,0.0,47,0.0,3.0,18,0,0,1,0,3
414,Lee Peltier,0,0,12,0,5,0,0,0,0,0,0,30699,0,630,3,0,3.6666666666666665,600,DEF,0.0,0.0,0.0,0.0,40,0.14285714285714285,3.0,18,0,1,0,0,2
415,Matheus Pereira,1,5,122,0,14,3,0,0,0,0,0,331958,33,13188,3,0,3.6666666666666665,481,MID,33.0,4.8,13.4,2.0,56,0.6301587301587301,3.0,18,0,0,1,0,3
416,Matt Phillips,0,0,15,0,9,0,0,0,0,0,0,23640,6,-258,3,0,3.6666666666666665,411,MID,26.6,5.8,12.8,19.0,51,0.3904761904761905,3.0,18,0,0,1,0,3
417,Oluwasemilogo Adesewo Ibidapo Ajayi,0,1,71,0,19,2,0,0,0,0,0,107442,16,6528,3,1,3.6666666666666665,419,DEF,0.5,1.6,9.6,6.0,48,0.8571428571428571,3.0,18,0,1,0,0,2
418,Rekeem Harper,0,0,4,0,0,0,0,0,0,0,0,271135,1,8776,3,0,3.6666666666666665,426,MID,0.5,1.2,4.2,7.0,43,0.014285714285714285,3.0,18,0,0,1,0,3
419,Robert Snodgrass,0,0,17,0,7,0,0,0,0,0,0,35583,3,948,2,0,3.1666666666666665,428,MID,1.7,4.1,15.2,24.0,57,0.23492063492063492,3.0,18,0,0,1,0,3
420,Romaine Sawyers,0,0,74,0,19,0,1,0,0,0,0,16205,10,239,3,0,3.6666666666666665,413,MID,4.8,2.0,15.4,0.0,48,0.8571428571428571,3.0,18,0,0,1,0,3
421,Sam Field,0,0,0,0,0,0,0,0,0,0,0,6465,0,27,3,0,3.6666666666666665,423,MID,0.0,0.0,0.0,0.0,48,0.0,3.0,18,0,0,1,0,3
422,Sam Johnstone,0,0,78,0,17,0,0,0,0,0,17,1243728,6,114320,3,0,3.6666666666666665,417,GK,0.0,6.4,63.8,0.0,45,0.7142857142857143,3.0,18,1,0,0,0,1
423,Ainsley Maitland-Niles,0,0,25,1,0,0,0,0,0,0,0,374823,8,-5658,3,0,2.8333333333333335,15,DEF,0.7,0.6,5.6,0.0,46,0.16031746031746033,3.333333333,1,0,1,0,0,2
424,Alexandre Lacazette,1,8,160,3,2,5,0,0,0,0,0,2666749,42,294326,3,0,2.8333333333333335,6,FWD,32.3,21.5,87.6,95.0,82,0.7365079365079366,3.333333333,1,0,0,0,1,4
425,Bernd Leno,0,1,142,4,2,0,0,0,1,0,14,4090853,36,128837,3,0,2.8333333333333335,8,GK,0.0,1.9,19.4,0.0,49,0.8571428571428571,3.333333333,1,1,0,0,0,1
426,Bukayo Saka,3,7,169,4,2,4,0,0,0,0,0,3665470,52,656542,3,0,2.8333333333333335,24,MID,17.9,13.9,42.6,78.0,52,0.8095238095238095,3.333333333,1,0,0,1,0,3
427,Calum Chambers,0,0,0,0,0,0,0,0,0,0,0,11601,0,233,3,0,2.8333333333333335,13,DEF,0.0,0.0,0.0,0.0,45,0.0,3.333333333,1,0,1,0,0,2
428,CÃ©dric Soares,1,3,50,1,1,0,0,0,0,0,0,77102,14,922,3,0,2.8333333333333335,5,DEF,0.0,0.0,0.0,0.0,46,0.2857142857142857,3.333333333,1,0,1,0,0,2
429,Daniel Ceballos FernÃ¡ndez,0,0,40,2,0,0,0,0,0,0,0,423224,6,-14459,3,1,2.8333333333333335,501,MID,36.3,6.2,25.0,1.0,47,0.2650793650793651,3.333333333,1,0,0,1,0,3
430,David Luiz Moreira Marinho,0,0,47,2,1,0,0,0,0,0,0,351784,13,-2023,3,1,2.8333333333333335,3,DEF,0.0,0.0,0.0,0.0,54,0.42857142857142855,3.333333333,1,0,1,0,0,2
431,Edward Nketiah,0,0,1,0,0,0,0,0,0,0,0,258019,1,-2793,3,0,2.8333333333333335,22,FWD,0.0,0.0,0.0,0.0,55,0.014285714285714285,3.333333333,1,0,0,0,1,4
432,Emile Smith Rowe,4,0,102,5,1,0,0,0,0,0,0,996779,29,277582,3,0,2.8333333333333335,23,MID,23.9,7.6,25.6,26.0,44,0.746031746031746,3.333333333,1,0,0,1,0,3
433,Gabriel MagalhÃ£es,0,0,0,0,0,0,0,0,0,0,0,2832172,0,-265963,3,0,2.8333333333333335,494,DEF,0.0,0.0,0.0,0.0,50,0.0,3.333333333,1,0,1,0,0,2
434,Gabriel Teodoro Martinelli Silva,0,0,8,2,0,0,0,0,0,0,0,208858,7,17330,3,0,2.8333333333333335,26,MID,0.0,0.0,0.0,0.0,49,0.22698412698412698,3.333333333,1,0,0,1,0,3
435,Granit Xhaka,1,1,127,4,2,1,0,0,0,0,0,201827,25,2198,3,0,2.8333333333333335,9,MID,4.4,1.2,7.8,0.0,52,0.8571428571428571,3.333333333,1,0,0,1,0,3
436,HÃ©ctor BellerÃ­n,0,2,76,2,2,0,0,0,0,0,0,2535796,17,-68504,3,2,2.8333333333333335,11,DEF,3.3,2.8,8.0,17.0,51,0.6555555555555556,3.333333333,1,0,1,0,0,2
437,Joseph Willock,0,0,4,0,1,0,0,0,0,0,0,34273,3,-434,3,0,2.8333333333333335,20,MID,0.3,0.4,0.0,6.0,47,0.06190476190476191,3.333333333,1,0,0,1,0,3
438,Kieran Tierney,2,3,126,3,1,1,0,0,0,0,0,3699784,34,310485,3,1,2.8333333333333335,17,DEF,53.0,15.0,68.8,28.0,53,0.5714285714285714,3.333333333,1,0,1,0,0,2
439,Lucas Torreira,0,0,0,0,0,0,0,0,0,0,0,40134,0,-360,3,0,2.8333333333333335,19,MID,0.0,0.0,0.0,0.0,47,0.0,3.333333333,1,0,0,1,0,3
440,Matt Macey,0,0,0,0,0,0,0,0,0,0,0,798061,0,-21570,3,0,2.8333333333333335,527,GK,0.0,0.0,0.0,0.0,40,0.0,3.333333333,1,1,0,0,0,1
441,Matteo Guendouzi,0,0,0,0,0,0,0,0,0,0,0,28941,0,-250,3,0,2.8333333333333335,25,MID,0.0,0.0,0.0,0.0,47,0.0,3.333333333,1,0,0,1,0,3
442,Mesut Ãzil,0,0,0,0,0,0,0,0,0,0,0,258338,0,-1235,3,0,2.8333333333333335,1,MID,0.0,0.0,0.0,0.0,68,0.0,3.333333333,1,0,0,1,0,3
443,Mohamed Naser El Sayed Elneny,0,0,31,1,1,0,0,0,0,0,0,608545,7,-16991,3,0,2.8333333333333335,526,MID,0.0,0.0,0.0,0.0,44,0.3412698412698413,3.333333333,1,0,0,1,0,3
444,Nicolas PÃ©pÃ©,0,0,32,0,2,1,0,0,0,0,0,306686,8,-2927,3,1,2.8333333333333335,18,MID,0.0,0.0,0.0,0.0,76,0.2126984126984127,3.333333333,1,0,0,1,0,3
445,Pablo MarÃ­,0,1,63,2,1,0,0,0,0,0,0,84369,14,10264,3,1,2.8333333333333335,10,DEF,0.8,1.9,18.6,0.0,44,0.42857142857142855,3.333333333,1,0,1,0,0,2
446,Pierre-Emerick Aubameyang,0,2,56,4,0,2,0,0,0,0,0,3368632,24,-92414,3,0,2.8333333333333335,4,MID,5.5,4.5,7.6,32.0,114,0.5523809523809524,3.333333333,1,0,0,1,0,3
447,Reiss Nelson,0,0,0,0,0,0,0,0,0,0,0,20107,0,-142,3,0,2.8333333333333335,21,MID,0.0,0.0,0.0,0.0,51,0.0,3.333333333,1,0,0,1,0,3
448,Rob Holding,1,4,147,4,2,0,0,0,0,0,0,1650601,35,286289,3,0,2.8333333333333335,16,DEF,10.3,7.2,44.4,17.0,44,0.8571428571428571,3.333333333,1,0,1,0,0,2
449,RÃºnar Alex RÃºnarsson,0,0,0,0,0,0,0,0,0,0,0,18679,0,-140,3,0,2.8333333333333335,547,GK,0.0,0.0,0.0,0.0,45,0.0,3.333333333,1,1,0,0,0,1
450,Sead Kolasinac,0,0,0,0,0,0,0,0,0,0,0,60709,0,-1109,3,0,2.8333333333333335,14,DEF,0.0,0.0,0.0,0.0,48,0.0,3.333333333,1,0,1,0,0,2
451,Shkodran Mustafi,0,0,3,0,0,0,0,0,0,0,0,23950,1,-72,3,0,2.8333333333333335,7,DEF,0.0,0.0,0.0,0.0,50,0.0015873015873015873,3.333333333,1,0,1,0,0,2
452,Sokratis Papastathopoulos,0,0,0,0,0,0,0,0,0,0,0,29167,0,-196,3,0,2.8333333333333335,2,DEF,0.0,0.0,0.0,0.0,48,0.0,3.333333333,1,0,1,0,0,2
453,Thomas Partey,1,0,39,1,1,0,0,0,0,0,0,142667,9,-4010,3,0,2.8333333333333335,567,MID,0.0,0.0,0.0,0.0,49,0.26031746031746034,3.333333333,1,0,0,1,0,3
454,William Saliba,0,0,0,0,0,0,0,0,0,0,0,292343,0,-10400,3,0,2.8333333333333335,27,DEF,0.0,0.0,0.0,0.0,40,0.0,3.333333333,1,0,1,0,0,2
455,Willian Borges Da Silva,0,0,16,0,0,0,0,0,0,0,0,1423741,3,-41047,3,0,2.8333333333333335,478,MID,26.4,5.7,9.6,21.0,76,0.0761904761904762,3.333333333,1,0,0,1,0,3
456,Alex McCarthy,0,2,76,2,5,0,0,0,0,0,7,8331264,17,-50513,3,0,3.6,363,GK,0.0,1.2,12.2,0.0,47,0.5714285714285714,3.166666667,16,1,0,0,0,1
457,Alexandre Jankewitz,0,0,0,0,0,0,0,0,0,0,0,0,0,0,1,0,4.0,643,MID,0.0,0.0,0.0,0.0,45,0.0,3.166666667,16,0,0,1,0,3
458,Allan Tchaptchet,0,0,0,0,0,0,0,0,0,0,0,241,0,73,1,0,4.0,635,DEF,0.0,0.0,0.0,0.0,40,0.0,3.166666667,16,0,1,0,0,2
459,Angus Gunn,0,0,0,0,0,0,0,0,0,0,0,47245,0,-1020,3,0,3.6,371,GK,0.0,0.0,0.0,0.0,43,0.0,3.166666667,16,1,0,0,0,1
460,Caleb Watts,0,0,1,0,0,0,0,0,0,0,0,111,0,67,1,1,4.0,636,MID,4.0,0.5,1.2,0.0,45,0.025396825396825397,3.166666667,16,0,0,1,0,3
461,Che Adams,0,0,17,1,4,0,0,0,0,0,0,3032629,7,-23759,3,0,3.6,377,FWD,12.5,5.7,11.4,33.0,60,0.4888888888888889,3.166666667,16,0,0,0,1,4
462,Daniel N'Lundulu,0,0,9,0,1,0,0,0,0,0,0,69502,4,5814,3,0,3.6,590,FWD,0.5,0.4,1.2,2.0,45,0.09365079365079365,3.166666667,16,0,0,0,1,4
463,Danny Ings,0,3,50,2,3,1,0,0,0,0,0,2412478,13,-94666,3,0,3.6,366,FWD,16.8,8.2,12.0,53.0,83,0.37936507936507935,3.166666667,16,0,0,0,1,4
464,Fraser Forster,0,0,24,1,0,0,0,0,0,0,1,1872663,6,113851,3,0,3.6,523,GK,0.0,0.0,0.0,0.0,40,0.14285714285714285,3.166666667,16,1,0,0,0,1
465,Harry Lewis,0,0,0,0,0,0,0,0,0,0,0,3743,0,895,2,0,4.333333333333333,625,GK,0.0,0.0,0.0,0.0,40,0.0,3.166666667,16,1,0,0,0,1
466,Ibrahima Diallo,0,0,37,2,4,0,0,0,0,0,0,10748,9,528,3,1,3.6,565,MID,3.2,1.9,6.2,10.0,45,0.5650793650793651,3.166666667,16,0,0,1,0,3
467,Jack Stephens,0,5,118,3,5,0,0,0,0,0,0,95904,25,10267,3,0,3.6,367,DEF,1.0,2.2,21.0,0.0,46,0.7142857142857143,3.166666667,16,0,1,0,0,2
468,Jake Vokins,0,0,5,0,2,0,0,0,0,0,0,443712,1,6497,3,0,3.6,380,DEF,14.8,1.7,1.8,0.0,39,0.10476190476190476,3.166666667,16,0,1,0,0,2
469,James Ward-Prowse,2,0,90,3,5,0,0,0,0,0,0,5586456,19,-434841,3,0,3.6,370,MID,37.2,8.3,39.2,7.0,61,0.7142857142857143,3.166666667,16,0,0,1,0,3
470,Jan Bednarek,0,5,106,3,5,0,0,0,0,0,0,4358204,25,569074,3,0,3.6,376,DEF,0.7,1.8,17.0,0.0,49,0.7142857142857143,3.166666667,16,0,1,0,0,2
471,Jannik Vestergaard,0,0,0,0,0,0,0,0,0,0,0,2994298,0,-862318,3,0,3.6,369,DEF,0.0,0.0,0.0,0.0,47,0.0,3.166666667,16,0,1,0,0,2
472,Josh Sims,0,0,0,0,0,0,0,0,0,0,0,42790,0,-1350,3,0,3.6,374,MID,0.0,0.0,0.0,0.0,43,0.0,3.166666667,16,0,0,1,0,3
473,Kayne Ramsay,0,0,0,0,0,0,0,0,0,0,0,24476,0,-48,3,0,3.6,598,DEF,0.0,0.0,0.0,0.0,40,0.0,3.166666667,16,0,1,0,0,2
474,Kgaogelo Chauke,0,0,0,0,0,0,0,0,0,0,0,273,0,40,2,0,4.333333333333333,624,MID,0.0,0.0,0.0,0.0,45,0.0,3.166666667,16,0,0,1,0,3
475,Kyle Walker-Peters,0,2,83,3,2,0,0,0,0,0,0,5333031,20,-56551,3,1,3.6,375,DEF,0.0,0.0,0.0,0.0,48,0.5714285714285714,3.166666667,16,0,1,0,0,2
476,Michael Obafemi,0,0,0,0,0,0,0,0,0,0,0,348167,0,-6799,3,0,3.6,381,FWD,0.0,0.0,0.0,0.0,46,0.0,3.166666667,16,0,0,0,1,4
477,Mohammed Salisu,0,0,0,0,0,0,0,0,0,0,0,29210,0,-480,3,0,3.6,479,DEF,0.0,0.0,0.0,0.0,43,0.0,3.166666667,16,0,1,0,0,2
478,Moussa Djenepo,0,0,5,1,0,0,0,0,0,0,0,26927,4,-1449,3,1,3.6,382,MID,0.0,0.0,0.0,0.0,54,0.173015873015873,3.166666667,16,0,0,1,0,3
479,Nathan Redmond,0,0,4,0,1,0,0,0,0,0,0,67459,1,-3118,3,0,3.6,365,MID,1.2,0.3,2.2,0.0,64,0.03650793650793651,3.166666667,16,0,0,1,0,3
480,Nathan Tella,0,0,-1,0,0,0,0,0,0,0,0,154430,1,-5444,3,0,3.6,524,MID,0.0,0.0,0.0,0.0,44,0.09206349206349207,3.166666667,16,0,0,1,0,3
481,Oriol Romeu Vidal,0,0,13,1,0,0,0,0,0,0,0,1467279,3,-122768,3,0,3.6,364,MID,0.0,0.0,0.0,0.0,45,0.14285714285714285,3.166666667,16,0,0,1,0,3
482,Ryan Bertrand,0,0,68,3,2,0,0,0,0,0,0,409688,16,-10200,3,3,3.6,362,DEF,0.0,0.0,0.0,0.0,50,0.5714285714285714,3.166666667,16,0,1,0,0,2
483,Shane Long,0,0,6,1,1,0,0,0,0,0,0,235987,4,2705,3,0,3.6,361,FWD,0.0,0.0,0.0,0.0,51,0.2222222222222222,3.166666667,16,0,0,0,1,4
484,Sofiane Boufal,0,0,0,0,0,0,0,0,0,0,0,9099,0,-76,3,0,3.6,372,MID,0.0,0.0,0.0,0.0,54,0.0,3.166666667,16,0,0,1,0,3
485,Stuart Armstrong,0,1,66,2,5,1,0,0,0,0,0,204742,17,-21802,3,0,3.6,368,MID,33.6,10.6,47.2,25.0,55,0.5904761904761905,3.166666667,16,0,0,1,0,3
486,Theo Walcott,0,0,22,3,5,0,0,0,0,0,0,409434,13,-1582,3,0,3.6,148,MID,2.6,2.0,4.0,13.0,58,0.6730158730158731,3.166666667,16,0,0,1,0,3
487,Will Ferry,0,0,0,0,0,0,0,0,0,0,0,53,0,24,1,0,4.0,634,MID,0.0,0.0,0.0,0.0,45,0.0,3.166666667,16,0,0,1,0,3
488,William Smallbone,0,0,9,0,1,0,0,0,0,0,0,74855,2,-2323,3,0,3.6,379,MID,0.0,0.0,0.0,0.0,44,0.09523809523809523,3.166666667,16,0,0,1,0,3
489,Yan Valery,0,0,12,0,4,0,0,0,0,0,0,24237,3,-52,3,0,3.6,378,DEF,20.3,5.0,26.0,4.0,47,0.16031746031746033,3.166666667,16,0,1,0,0,2
490,Allan Saint-Maximin,0,0,3,0,0,0,0,0,0,0,0,1450105,2,-69266,3,0,3.5714285714285716,338,MID,0.0,0.0,0.0,0.0,51,0.07142857142857142,3.333333333,14,0,0,1,0,3
491,Andy Carroll,0,3,38,0,4,1,0,0,0,0,0,210456,13,9943,3,1,3.5714285714285716,320,FWD,13.3,1.8,0.0,5.0,52,0.2873015873015873,3.333333333,14,0,0,0,1,4
492,Callum Wilson,1,0,31,1,10,0,0,0,0,0,0,10340474,15,204219,3,0,3.5714285714285716,506,FWD,12.2,4.1,10.6,18.0,66,0.8571428571428571,3.333333333,14,0,0,0,1,4
493,Christian Atsu,0,0,0,0,0,0,0,0,0,0,0,16627,0,-151,3,0,3.5714285714285716,330,MID,0.0,0.0,0.0,0.0,52,0.0,3.333333333,14,0,0,1,0,3
494,Ciaran Clark,0,0,55,1,8,0,0,0,0,0,0,267633,10,6626,3,1,3.5714285714285716,324,DEF,0.6,0.8,7.6,0.0,45,0.7142857142857143,3.333333333,14,0,1,0,0,2
495,Daniel Langley,0,0,0,0,0,0,0,0,0,0,0,55004,0,3735,3,0,3.5714285714285716,606,GK,0.0,0.0,0.0,0.0,40,0.0,3.333333333,14,1,0,0,0,1
496,DeAndre Yedlin,0,0,50,1,5,0,0,0,0,0,0,264506,10,13867,3,0,3.5714285714285716,335,DEF,0.0,0.0,0.0,0.0,43,0.5412698412698412,3.333333333,14,0,1,0,0,2
497,Dwight Gayle,0,0,6,0,0,0,0,0,0,0,0,24603,3,-251,3,0,3.5714285714285716,329,FWD,0.0,0.0,0.0,0.0,59,0.047619047619047616,3.333333333,14,0,0,0,1,4
498,Elliot Anderson,0,0,3,0,0,0,0,0,0,0,0,8816,1,262,3,0,3.5714285714285716,602,MID,0.3,0.2,0.0,2.0,45,0.004761904761904762,3.333333333,14,0,0,1,0,3
499,Emil Krafth,0,0,9,0,3,0,0,0,0,0,0,32168,1,-539,3,0,3.5714285714285716,333,DEF,0.9,1.4,13.4,0.0,43,0.14285714285714285,3.333333333,14,0,1,0,0,2
500,Fabian SchÃ¤r,0,0,68,1,9,0,0,0,0,0,0,63867,8,982,3,4,3.5714285714285716,334,DEF,0.0,0.0,0.0,0.0,49,0.8571428571428571,3.333333333,14,0,1,0,0,2
501,Federico FernÃ¡ndez,0,3,82,1,5,0,0,0,0,0,0,585809,13,-19123,3,0,3.5714285714285716,323,DEF,0.0,0.0,0.0,0.0,47,0.5492063492063493,3.333333333,14,0,1,0,0,2
502,Florian Lejeune,0,0,0,0,0,0,0,0,0,0,0,6695,0,-51,3,0,3.5714285714285716,327,DEF,0.0,0.0,0.0,0.0,43,0.0,3.333333333,14,0,1,0,0,2
503,Isaac Hayden,0,0,34,1,7,0,0,0,0,0,0,31495,9,-14,3,2,3.5714285714285716,336,MID,0.0,0.0,0.0,0.0,47,0.7142857142857143,3.333333333,14,0,0,1,0,3
504,Jacob Murphy,0,0,30,1,6,0,0,0,0,0,0,33046,10,-711,3,0,3.5714285714285716,497,MID,0.3,0.1,0.2,0.0,49,0.43174603174603177,3.333333333,14,0,0,1,0,3
505,Jamaal Lascelles,0,0,17,0,7,0,0,0,0,0,0,493673,2,-19268,3,1,3.5714285714285716,328,DEF,0.2,2.7,10.0,17.0,42,0.42857142857142855,3.333333333,14,0,1,0,0,2
506,Jamal Lewis,0,0,26,0,7,0,0,0,0,0,0,1036894,5,-146634,3,0,3.5714285714285716,513,DEF,1.0,1.0,9.2,0.0,43,0.473015873015873,3.333333333,14,0,1,0,0,2
507,Javier Manquillo,0,0,8,0,2,0,0,0,0,0,0,126978,1,-4098,3,0,3.5714285714285716,332,DEF,0.0,0.0,0.0,0.0,43,0.1111111111111111,3.333333333,14,0,1,0,0,2
508,Jeff Hendrick,0,0,42,0,5,0,0,0,0,0,0,1105980,7,-43559,3,0,3.5714285714285716,485,MID,0.2,0.0,0.0,0.0,46,0.44761904761904764,3.333333333,14,0,0,1,0,3
509,Joelinton CÃ¡ssio ApolinÃ¡rio de Lira,0,0,23,1,6,0,0,0,0,0,0,325206,8,-19044,3,0,3.5714285714285716,340,FWD,0.9,1.4,10.8,2.0,57,0.4984126984126984,3.333333333,14,0,0,0,1,4
510,Jonjo Shelvey,0,0,50,0,8,0,0,0,0,0,0,73717,7,-1316,3,0,3.5714285714285716,321,MID,15.3,2.6,10.4,0.0,53,0.46825396825396826,3.333333333,14,0,0,1,0,3
511,Karl Darlow,0,1,106,1,12,0,0,0,0,0,19,1468808,18,9865,3,1,3.5714285714285716,325,GK,0.0,2.8,27.8,0.0,50,1.0,3.333333333,14,1,0,0,0,1
512,Kelland Watts,0,0,0,0,0,0,0,0,0,0,0,106398,0,-1433,3,0,3.5714285714285716,342,DEF,0.0,0.0,0.0,0.0,39,0.0,3.333333333,14,0,1,0,0,2
513,Mark Gillespie,0,0,0,0,0,0,0,0,0,0,0,43093,0,-473,3,0,3.5714285714285716,488,GK,0.0,0.0,0.0,0.0,44,0.0,3.333333333,14,1,0,0,0,1
514,Martin Dubravka,0,0,0,0,0,0,0,0,0,0,0,114793,0,992,3,0,3.5714285714285716,326,GK,0.0,0.0,0.0,0.0,48,0.0,3.333333333,14,1,0,0,0,1
515,Matt Ritchie,0,0,31,1,4,0,0,0,0,0,0,28636,7,16,3,1,3.5714285714285716,322,MID,0.0,0.0,0.0,0.0,49,0.40634920634920635,3.333333333,14,0,0,1,0,3
516,Matthew Longstaff,0,0,44,1,7,0,0,0,0,0,0,11820,9,33,3,0,3.5714285714285716,487,MID,1.1,0.1,0.0,0.0,49,0.5507936507936508,3.333333333,14,0,0,1,0,3
517,Miguel AlmirÃ³n,0,2,70,0,10,1,0,0,0,0,0,231863,18,-8702,3,0,3.5714285714285716,339,MID,12.7,2.5,8.6,4.0,56,0.6714285714285714,3.333333333,14,0,0,1,0,3
518,Paul Dummett,0,0,9,0,1,0,0,0,0,0,0,10234,2,363,3,0,3.5714285714285716,331,DEF,0.0,0.0,0.0,0.0,44,0.11587301587301588,3.333333333,14,0,1,0,0,2
519,Rolando Aarons,0,0,0,0,0,0,0,0,0,0,0,16158,0,-229,3,0,3.5714285714285716,337,MID,0.0,0.0,0.0,0.0,48,0.0,3.333333333,14,0,0,1,0,3
520,Ryan Fraser,0,0,1,0,3,0,0,0,0,1,0,94330,1,-3281,3,0,3.5714285714285716,507,MID,0.0,0.0,0.0,0.0,56,0.22063492063492063,3.333333333,14,0,0,1,0,3
521,Sean Longstaff,0,0,18,0,3,0,0,0,0,0,0,53521,4,-259,3,0,3.5714285714285716,480,MID,0.0,0.0,0.0,0.0,47,0.2857142857142857,3.333333333,14,0,0,1,0,3
522,Yoshinori Muto,0,0,0,0,0,0,0,0,0,0,0,52042,0,-562,3,0,3.5714285714285716,341,FWD,0.0,0.0,0.0,0.0,48,0.0,3.333333333,14,0,0,0,1,4
523,Andreas Christensen,0,0,12,0,1,0,0,0,0,0,0,97045,2,-889,3,0,3.3333333333333335,116,DEF,0.0,0.0,0.0,0.0,47,0.14285714285714285,3.333333333,5,0,1,0,0,2
524,Antonio RÃ¼diger,0,3,92,2,3,0,0,0,0,0,0,308913,18,69,3,0,3.3333333333333335,109,DEF,0.0,0.0,0.0,0.0,45,0.5714285714285714,3.333333333,5,0,1,0,0,2
525,Benjamin Chilwell,1,0,82,2,9,0,0,0,0,0,0,11088647,19,-802941,3,1,3.3333333333333335,232,DEF,2.8,2.3,16.4,4.0,61,0.8333333333333334,3.333333333,5,0,1,0,0,2
526,Billy Gilmour,0,0,5,0,0,0,0,0,0,0,0,55403,1,197,3,0,3.3333333333333335,124,MID,0.0,0.0,0.0,0.0,44,0.04126984126984127,3.333333333,5,0,0,1,0,3
527,Callum Hudson-Odoi,1,1,82,1,4,1,0,0,0,0,0,135972,19,10580,3,0,3.3333333333333335,122,MID,29.8,8.1,27.0,24.0,57,0.5285714285714286,3.333333333,5,0,0,1,0,3
528,Christian Pulisic,0,0,43,1,9,0,0,0,0,0,0,1115396,11,-4351,3,1,3.3333333333333335,119,MID,43.9,9.3,18.2,31.0,82,0.7365079365079366,3.333333333,5,0,0,1,0,3
529,CÃ©sar Azpilicueta,0,1,70,2,4,0,0,0,0,0,0,1172027,14,-9802,3,2,3.3333333333333335,102,DEF,0.0,0.0,0.0,0.0,56,0.5714285714285714,3.333333333,5,0,1,0,0,2
530,Edouard Mendy,0,0,114,2,9,0,0,0,0,0,14,3610683,20,-88326,3,0,3.3333333333333335,548,GK,0.0,3.4,33.6,0.0,52,0.8571428571428571,3.333333333,5,1,0,0,0,1
531,Emerson Palmieri dos Santos,0,0,0,0,0,0,0,0,0,0,0,72351,0,202,3,0,3.3333333333333335,111,DEF,0.0,0.0,0.0,0.0,47,0.0,3.333333333,5,0,1,0,0,2
532,Faustino Anjorin,0,0,0,0,0,0,0,0,0,0,0,1638,0,46,3,0,3.3333333333333335,605,MID,0.0,0.0,0.0,0.0,45,0.0,3.333333333,5,0,0,1,0,3
533,Fikayo Tomori,0,0,0,0,0,0,0,0,0,0,0,105425,0,-976,3,0,3.3333333333333335,121,DEF,0.0,0.0,0.0,0.0,47,0.0,3.333333333,5,0,1,0,0,2
534,Hakim Ziyech,0,0,26,2,3,0,0,0,0,0,0,1274363,7,15564,3,2,3.3333333333333335,114,MID,0.0,0.0,0.0,0.0,81,0.3825396825396825,3.333333333,5,0,0,1,0,3
535,Jorge Luiz Frello Filho,0,0,46,2,2,0,0,1,0,0,0,2000539,7,-67391,3,0,3.3333333333333335,105,MID,16.3,4.9,15.6,17.0,48,0.42857142857142855,3.333333333,5,0,0,1,0,3
536,Kai Havertz,1,0,33,1,2,0,0,0,0,0,0,1312300,10,-30148,3,1,3.3333333333333335,500,MID,1.3,0.8,2.4,4.0,82,0.32222222222222224,3.333333333,5,0,0,1,0,3
537,Karlo Ziger,0,0,0,0,0,0,0,0,0,0,0,299742,0,24958,3,0,3.3333333333333335,593,GK,0.0,0.0,0.0,0.0,40,0.0,3.333333333,5,1,0,0,0,1
538,Kepa Arrizabalaga,0,0,0,0,0,0,0,0,0,0,0,271364,0,-3353,3,0,3.3333333333333335,112,GK,0.0,0.0,0.0,0.0,47,0.0,3.333333333,5,1,0,0,0,1
539,Kurt Zouma,0,0,26,0,6,0,0,0,0,0,0,10847148,2,-397764,3,0,3.3333333333333335,110,DEF,0.6,3.6,9.8,26.0,59,0.2857142857142857,3.333333333,5,0,1,0,0,2
540,Marcos Alonso,0,0,0,0,0,0,0,0,0,0,0,661908,0,-5966,3,0,3.3333333333333335,104,DEF,0.0,0.0,0.0,0.0,56,0.0,3.333333333,5,0,1,0,0,2
541,Mason Mount,0,3,94,1,9,1,0,0,0,0,0,2570496,20,5062,3,0,3.3333333333333335,120,MID,57.3,8.1,5.0,19.0,69,0.726984126984127,3.333333333,5,0,0,1,0,3
542,Mateo Kovacic,0,0,60,2,7,0,0,0,0,0,0,115923,9,-1612,3,2,3.3333333333333335,107,MID,1.5,0.3,1.8,0.0,53,0.6206349206349207,3.333333333,5,0,0,1,0,3
543,N'Golo KantÃ©,0,0,31,0,7,0,0,0,0,0,0,1358055,4,-45296,3,2,3.3333333333333335,113,MID,13.5,3.2,16.0,2.0,49,0.35873015873015873,3.333333333,5,0,0,1,0,3
544,Olivier Giroud,0,3,38,2,1,1,0,0,0,0,0,707427,12,-8921,3,1,3.3333333333333335,103,FWD,0.0,0.0,0.0,0.0,67,0.35079365079365077,3.333333333,5,0,0,0,1,4
545,Reece James,0,0,27,0,5,0,0,0,0,0,0,4493532,2,-707953,3,0,3.3333333333333335,123,DEF,29.3,4.0,9.6,1.0,52,0.2857142857142857,3.333333333,5,0,1,0,0,2
546,Tammy Abraham,0,0,31,0,5,1,0,0,0,0,0,1695821,10,231776,3,0,3.3333333333333335,118,FWD,2.6,8.3,31.0,49.0,72,0.346031746031746,3.333333333,5,0,0,0,1,4
547,Thiago Thiago,0,4,97,2,8,0,0,0,0,0,0,2050388,17,54581,3,2,3.3333333333333335,490,DEF,0.4,2.8,17.8,10.0,56,0.7142857142857143,3.333333333,5,0,1,0,0,2
548,Timo Werner,0,0,12,0,5,0,0,0,0,0,0,6124876,6,-336047,3,0,3.3333333333333335,117,FWD,12.5,3.6,2.6,21.0,93,0.30158730158730157,3.333333333,5,0,0,0,1,4
549,Willy Caballero,0,0,0,0,0,0,0,0,0,0,0,95139,0,-924,3,0,3.3333333333333335,101,GK,0.0,0.0,0.0,0.0,47,0.0,3.333333333,5,1,0,0,0,1
550,Andros Townsend,1,0,54,2,7,0,0,0,0,0,0,656509,16,-21931,3,0,3.5,137,MID,30.2,4.5,11.8,3.0,57,0.6682539682539682,2.5,6,0,0,1,0,3
551,Brandon Pierrick,0,0,0,0,0,0,0,0,0,0,0,50150,0,-137,3,0,3.5,147,MID,0.0,0.0,0.0,0.0,44,0.0,2.5,6,0,0,1,0,3
552,Cheikhou KouyatÃ©,0,0,64,2,7,0,0,0,0,0,0,207692,12,-6674,3,0,3.5,133,MID,0.4,1.2,9.6,2.0,50,0.7142857142857143,2.5,6,0,0,1,0,3
553,Christian Benteke,2,0,32,1,7,0,0,0,0,0,0,317686,15,24861,3,0,3.5,132,FWD,14.6,7.6,8.0,53.0,55,0.6015873015873016,2.5,6,0,0,0,1,4
554,Connor Wickham,0,0,0,0,0,0,0,0,0,0,0,296490,0,6372,3,0,3.5,136,FWD,0.0,0.0,0.0,0.0,44,0.0,2.5,6,0,0,0,1,4
555,Eberechi Eze,0,0,64,1,10,1,0,0,0,0,0,434381,13,-19725,3,2,3.5,489,MID,37.5,5.6,17.0,1.0,58,0.6507936507936508,2.5,6,0,0,1,0,3
556,Gary Cahill,0,0,25,0,7,0,0,0,0,0,0,50373,1,-3734,3,0,3.5,125,DEF,0.0,0.0,0.0,0.0,45,0.2857142857142857,2.5,6,0,1,0,0,2
557,Jack Butland,0,0,0,0,0,0,0,0,0,0,0,20332,0,-127,3,0,3.5,586,GK,0.0,0.0,0.0,0.0,45,0.0,2.5,6,1,0,0,0,1
558,Jairo Riedewald,0,0,26,1,2,0,0,0,0,0,0,712425,7,-44026,3,0,3.5,144,MID,0.0,0.0,0.0,0.0,44,0.2126984126984127,2.5,6,0,0,1,0,3
559,James McArthur,1,3,87,2,10,0,0,0,0,0,0,56440,19,387,3,0,3.5,130,MID,1.3,3.9,15.8,22.0,52,0.7142857142857143,2.5,6,0,0,1,0,3
560,James McCarthy,0,0,11,0,4,0,0,0,0,0,0,514330,3,-3596,3,0,3.5,131,MID,0.0,0.0,0.0,0.0,43,0.14444444444444443,2.5,6,0,0,1,0,3
561,James Tomkins,0,2,71,2,5,0,0,0,0,0,0,23587,15,1912,3,1,3.5,129,DEF,0.3,2.5,18.4,6.0,45,0.5714285714285714,2.5,6,0,1,0,0,2
562,Jean-Philippe Mateta,0,0,0,0,0,0,0,0,0,0,0,981,0,915,1,0,3.0,641,FWD,0.0,0.0,0.0,0.0,60,0.0,2.5,6,0,0,0,1,4
563,Jeffrey Schlupp,0,0,23,0,4,1,0,0,0,0,0,39859,10,-2288,3,0,3.5,142,MID,0.0,0.0,0.0,0.0,54,0.32222222222222224,2.5,6,0,0,1,0,3
564,Joel Ward,0,1,76,2,10,0,0,0,0,0,0,368666,14,2254,3,1,3.5,134,DEF,10.8,2.3,12.6,0.0,43,0.7142857142857143,2.5,6,0,1,0,0,2
565,Jordan Ayew,1,0,30,0,4,0,0,0,0,0,0,703070,9,-8393,3,0,3.5,140,FWD,0.0,1.8,0.4,18.0,56,0.26031746031746034,2.5,6,0,0,0,1,4
566,Luka Milivojevic,0,0,65,2,9,0,0,0,0,0,0,103569,13,-798,3,1,3.5,138,MID,0.9,0.9,8.4,0.0,56,0.7555555555555555,2.5,6,0,0,1,0,3
567,Mamadou Sakho,0,0,0,0,0,0,0,0,0,0,0,84006,0,-3587,3,0,3.5,127,DEF,0.0,0.0,0.0,0.0,44,0.0,2.5,6,0,1,0,0,2
568,Martin Kelly,0,0,0,0,0,0,0,0,0,0,0,123946,0,-5836,3,0,3.5,135,DEF,0.0,0.0,0.0,0.0,41,0.0,2.5,6,0,1,0,0,2
569,Max Meyer,0,0,0,0,0,0,0,0,0,0,0,18204,0,-358,3,0,3.5,143,MID,0.0,0.0,0.0,0.0,47,0.0,2.5,6,0,0,1,0,3
570,Michy Batshuayi,0,1,34,0,2,1,0,0,0,0,0,280643,8,-3797,3,0,3.5,108,FWD,0.0,0.0,0.0,0.0,57,0.07936507936507936,2.5,6,0,0,0,1,4
571,Nathan Ferguson,0,0,0,0,0,0,0,0,0,0,0,267359,0,-16988,3,0,3.5,145,DEF,0.0,0.0,0.0,0.0,39,0.0,2.5,6,0,1,0,0,2
572,Nathaniel Clyne,0,0,15,0,1,0,0,0,0,0,0,129437,2,-10005,3,0,3.5,577,DEF,0.0,0.0,0.0,0.0,45,0.14285714285714285,2.5,6,0,1,0,0,2
573,Patrick van Aanholt,0,0,13,0,3,0,0,0,0,0,0,253378,1,-26583,3,0,3.5,139,DEF,0.0,0.0,0.0,0.0,54,0.14285714285714285,2.5,6,0,1,0,0,2
574,Ryan Inniss,0,0,0,0,0,0,0,0,0,0,0,21721,0,-481,3,0,3.5,534,DEF,0.0,0.0,0.0,0.0,40,0.0,2.5,6,0,1,0,0,2
575,Sam Woods,0,0,0,0,0,0,0,0,0,0,0,288498,0,-6120,3,0,3.5,522,DEF,0.0,0.0,0.0,0.0,40,0.0,2.5,6,0,1,0,0,2
576,Scott Dann,0,0,13,0,3,0,0,0,0,0,0,293597,1,-17563,3,0,3.5,486,DEF,0.0,0.0,0.0,0.0,44,0.14285714285714285,2.5,6,0,1,0,0,2
577,Stephen Henderson,0,0,0,0,0,0,0,0,0,0,0,273023,0,5107,3,0,3.5,578,GK,0.0,0.0,0.0,0.0,40,0.0,2.5,6,1,0,0,0,1
578,Tyrick Mitchell,0,2,84,2,8,0,0,0,0,0,0,7932187,17,216242,3,0,3.5,146,DEF,26.3,4.8,21.6,0.0,39,0.7142857142857143,2.5,6,0,1,0,0,2
579,Vicente Guaita,0,6,135,2,11,0,0,0,1,0,22,1454247,31,-48,3,0,3.5,128,GK,0.0,2.6,26.2,0.0,48,0.8571428571428571,2.5,6,1,0,0,0,1
580,Wayne Hennessey,0,0,0,0,0,0,0,0,0,0,0,152692,0,-3690,3,0,3.5,126,GK,0.0,0.0,0.0,0.0,43,0.0,2.5,6,1,0,0,0,1
581,Wilfried Zaha,0,0,54,2,7,2,0,0,0,0,0,8866645,21,-575346,3,1,3.5,141,MID,2.9,4.0,5.4,32.0,74,0.7142857142857143,2.5,6,0,0,1,0,3
582,Anthony Driscoll-Glennon,0,0,0,0,0,0,0,0,0,0,0,45361,0,255,3,0,3.1666666666666665,536,DEF,0.0,0.0,0.0,0.0,40,0.0,3.333333333,4,0,1,0,0,2
583,Anthony Mancini,0,0,0,0,0,0,0,0,0,0,0,1063,0,139,3,0,3.1666666666666665,612,MID,0.0,0.0,0.0,0.0,45,0.0,3.333333333,4,0,0,1,0,3
584,Ashley Barnes,0,2,23,2,3,1,0,0,0,0,0,139441,13,13357,3,3,3.1666666666666665,87,FWD,2.2,2.3,2.2,19.0,60,0.6460317460317461,3.333333333,4,0,0,0,1,4
585,Ashley Westwood,1,0,91,2,5,0,0,0,0,0,0,236804,15,-5177,3,2,3.1666666666666665,89,MID,6.9,1.4,5.2,2.0,53,0.8571428571428571,3.333333333,4,0,0,1,0,3
586,Bailey Peacock-Farrell,0,0,0,0,0,0,0,0,0,0,0,710174,0,-16814,3,0,3.1666666666666665,99,GK,0.0,0.0,0.0,0.0,40,0.0,3.333333333,4,1,0,0,0,1
587,Ben Gibson,0,0,0,0,0,0,0,0,0,0,0,59631,0,-1296,3,0,3.1666666666666665,94,DEF,0.0,0.0,0.0,0.0,39,0.0,3.333333333,4,0,1,0,0,2
588,Ben Mee,0,4,125,2,5,2,0,0,0,0,0,600572,35,15346,3,0,3.1666666666666665,88,DEF,0.4,9.1,49.4,41.0,49,0.8571428571428571,3.333333333,4,0,1,0,0,2
589,Bobby Thomas,0,0,0,0,0,0,0,0,0,0,0,338260,0,7149,3,0,3.1666666666666665,520,DEF,0.0,0.0,0.0,0.0,40,0.0,3.333333333,4,0,1,0,0,2
590,Charlie Taylor,0,0,24,0,1,0,0,0,0,0,0,2017903,4,-86445,3,0,3.1666666666666665,97,DEF,0.3,0.0,0.0,0.0,45,0.23174603174603176,3.333333333,4,0,1,0,0,2
591,Chris Wood,0,2,47,2,5,1,0,0,0,0,0,800342,18,38393,3,0,3.1666666666666665,91,FWD,12.5,3.6,4.4,19.0,62,0.8095238095238095,3.333333333,4,0,0,0,1,4
592,Dale Stephens,0,0,4,0,0,0,0,0,0,0,0,2178279,2,-47524,3,0,3.1666666666666665,55,MID,0.0,0.0,0.2,0.0,43,0.04285714285714286,3.333333333,4,0,0,1,0,3
593,Dwight McNeil,1,3,60,1,3,1,0,0,0,0,0,149563,18,-4240,3,0,3.1666666666666665,100,MID,0.0,0.0,0.0,0.0,57,0.3968253968253968,3.333333333,4,0,0,1,0,3
594,Erik Pieters,1,2,80,1,5,0,0,0,0,0,0,216415,19,4894,3,0,3.1666666666666665,83,DEF,0.9,1.1,10.4,0.0,43,0.7523809523809524,3.333333333,4,0,1,0,0,2
595,Jack Cork,0,0,3,0,1,0,0,0,0,0,0,7024,1,46,3,0,3.1666666666666665,84,MID,0.0,0.0,0.0,0.0,50,0.07142857142857142,3.333333333,4,0,0,1,0,3
596,James Tarkowski,0,3,82,2,5,0,0,0,0,0,0,1102327,20,-13350,3,2,3.1666666666666665,81,DEF,0.1,3.1,28.6,2.0,53,0.8571428571428571,3.333333333,4,0,1,0,0,2
597,Jay Rodriguez,0,0,10,0,2,0,0,0,0,0,0,117797,5,-385,3,0,3.1666666666666665,86,FWD,0.0,0.0,0.0,0.0,58,0.1746031746031746,3.333333333,4,0,0,0,1,4
598,Jimmy Dunne,0,0,0,0,0,0,0,0,0,0,0,2273315,0,-140589,3,0,3.1666666666666665,519,DEF,0.0,0.0,0.0,0.0,39,0.0,3.333333333,4,0,1,0,0,2
599,Joel Mumbongo,0,0,0,0,0,0,0,0,0,0,0,5489,0,597,3,0,3.1666666666666665,613,FWD,0.0,0.0,0.0,0.0,45,0.0,3.333333333,4,0,0,0,1,4
600,Johann Berg Gudmundsson,0,0,15,0,3,0,0,0,0,0,0,16696,5,95,3,0,3.1666666666666665,90,MID,0.0,0.0,0.0,0.0,54,0.30158730158730157,3.333333333,4,0,0,1,0,3
601,Josh Benson,0,0,7,1,1,0,0,0,0,0,0,13689,5,73,3,0,3.1666666666666665,535,MID,2.4,0.4,1.8,0.0,45,0.24444444444444444,3.333333333,4,0,0,1,0,3
602,Josh Brownhill,0,0,57,2,4,0,0,0,0,0,0,28056,13,1008,3,0,3.1666666666666665,98,MID,2.8,2.2,12.8,6.0,49,0.7857142857142857,3.333333333,4,0,0,1,0,3
603,Kevin Long,0,0,0,0,0,0,0,0,0,0,0,80667,0,-1661,3,0,3.1666666666666665,85,DEF,0.0,0.0,0.0,0.0,43,0.0,3.333333333,4,0,1,0,0,2
604,Lewis Richardson,0,0,0,0,0,0,0,0,0,0,0,50573,0,815,3,0,3.1666666666666665,592,FWD,0.0,0.0,0.0,0.0,45,0.0,3.333333333,4,0,0,0,1,4
605,Mace Goodridge,0,0,0,0,0,0,0,0,0,0,0,5034,0,-22,3,0,3.1666666666666665,551,MID,0.0,0.0,0.0,0.0,45,0.0,3.333333333,4,0,0,1,0,3
606,Matej Vydra,0,0,2,0,0,0,0,0,0,0,0,279467,3,6306,3,0,3.1666666666666665,93,FWD,0.0,0.0,0.0,0.0,48,0.08253968253968254,3.333333333,4,0,0,0,1,4
607,Matthew Lowton,0,0,76,2,5,0,0,0,0,0,0,590305,18,61124,3,1,3.1666666666666665,92,DEF,15.7,3.3,16.8,0.0,44,0.8571428571428571,3.333333333,4,0,1,0,0,2
608,Max Thompson,0,0,0,0,0,0,0,0,0,0,0,52599,0,2359,3,0,3.1666666666666665,591,FWD,0.0,0.0,0.0,0.0,45,0.0,3.333333333,4,0,0,0,1,4
609,Nick Pope,0,3,138,2,5,0,0,0,0,0,27,4847835,29,40062,3,0,3.1666666666666665,96,GK,0.0,1.6,16.4,0.0,54,0.8571428571428571,3.333333333,4,1,0,0,0,1
610,Phil Bardsley,0,0,0,0,0,0,0,0,0,0,0,83697,0,-1551,3,0,3.1666666666666665,82,DEF,0.0,0.0,0.0,0.0,45,0.0,3.333333333,4,0,1,0,0,2
611,Robbie Brady,1,0,52,3,2,0,0,0,0,0,0,45079,15,-178,3,0,3.1666666666666665,95,MID,29.6,5.0,19.0,1.0,50,0.5825396825396826,3.333333333,4,0,0,1,0,3
612,Will Norris,0,0,0,0,0,0,0,0,0,0,0,77793,0,2178,3,0,3.1666666666666665,583,GK,0.0,0.0,0.0,0.0,40,0.0,3.333333333,4,1,0,0,0,1
613,Bamidele Alli,0,0,0,0,0,0,0,0,0,0,0,211390,0,-2339,3,0,3.0,394,MID,0.0,0.0,0.0,0.0,74,0.0,3.166666667,17,0,0,1,0,3
614,Ben Davies,1,1,75,1,5,0,0,0,0,0,0,360173,15,1718,3,0,3.0,395,DEF,20.9,5.8,35.0,2.0,46,0.5714285714285714,3.166666667,17,0,1,0,0,2
615,Cameron Carter-Vickers,0,0,0,0,0,0,0,0,0,0,0,99105,0,-1911,3,0,3.0,521,DEF,0.0,0.0,0.0,0.0,39,0.0,3.166666667,17,0,1,0,0,2
616,Carlos Vinicius Alves Morais,0,0,8,0,0,0,0,0,0,0,0,23843,3,773,3,0,3.0,564,FWD,0.0,0.0,0.0,0.0,69,0.020634920634920634,3.166666667,17,0,0,0,1,4
617,Danny Rose,0,0,0,0,0,0,0,0,0,0,0,58708,0,-609,3,0,3.0,384,DEF,0.0,0.0,0.0,0.0,47,0.0,3.166666667,17,0,1,0,0,2
618,Davinson SÃ¡nchez,0,0,30,0,2,0,0,0,0,0,0,271824,5,-3601,3,0,3.0,398,DEF,1.6,2.3,19.0,2.0,53,0.2873015873015873,3.166666667,17,0,1,0,0,2
619,Eric Dier,0,0,87,1,6,0,0,0,0,0,0,2322406,13,-53869,3,0,3.0,391,DEF,0.3,2.2,21.0,1.0,50,0.7142857142857143,3.166666667,17,0,1,0,0,2
620,Erik Lamela,0,0,6,0,3,0,0,0,0,0,0,42812,3,-331,3,0,3.0,387,MID,0.3,0.0,0.0,0.0,57,0.10476190476190476,3.166666667,17,0,0,1,0,3
621,Gareth Bale,0,0,2,0,0,0,0,0,0,0,0,112001,1,-6220,3,0,3.0,543,MID,0.0,0.0,0.0,0.0,93,0.014285714285714285,3.166666667,17,0,0,1,0,3
622,Gedson Carvalho Fernandes,0,0,0,0,0,0,0,0,0,0,0,28264,0,-289,3,0,3.0,401,MID,0.0,0.0,0.0,0.0,47,0.0,3.166666667,17,0,0,1,0,3
623,Giovani Lo Celso,0,0,0,0,0,0,0,0,0,0,0,156068,0,-5172,3,0,3.0,403,MID,0.0,0.0,0.0,0.0,69,0.0,3.166666667,17,0,0,1,0,3
624,Harry Kane,1,8,117,1,4,3,0,0,0,0,0,17552743,32,337247,3,0,3.0,388,FWD,3.9,3.6,5.6,26.0,110,0.6365079365079365,3.166666667,17,0,0,0,1,4
625,Harry Winks,0,0,37,1,4,0,0,0,0,0,0,40039,6,-420,3,2,3.0,397,MID,1.6,1.2,10.6,0.0,52,0.4507936507936508,3.166666667,17,0,0,1,0,3
626,Heung-Min Son,2,2,74,2,5,1,0,0,0,0,0,23821588,25,-309053,3,0,3.0,390,MID,16.6,4.3,7.4,19.0,97,0.7031746031746032,3.166666667,17,0,0,1,0,3
627,Hugo Lloris,0,0,99,1,6,0,0,0,0,0,21,3129027,18,-5369,3,0,3.0,383,GK,0.0,4.0,40.0,0.0,56,0.7142857142857143,3.166666667,17,1,0,0,0,1
628,Japhet Tanganga,0,0,0,0,0,0,0,0,0,0,0,16688,0,-150,3,0,3.0,402,DEF,0.0,0.0,0.0,0.0,49,0.0,3.166666667,17,0,1,0,0,2
629,Joe Hart,0,0,0,0,0,0,0,0,0,0,0,235765,0,-3394,3,0,3.0,482,GK,0.0,0.0,0.0,0.0,43,0.0,3.166666667,17,1,0,0,0,1
630,Joe Rodon,0,0,29,0,4,0,0,0,0,0,0,9837,3,-396,3,0,3.0,584,DEF,0.0,0.0,0.0,0.0,50,0.2857142857142857,3.166666667,17,0,1,0,0,2
631,Juan Foyth,0,0,0,0,0,0,0,0,0,0,0,23091,0,-264,3,0,3.0,406,DEF,0.0,0.0,0.0,0.0,43,0.0,3.166666667,17,0,1,0,0,2
632,Lucas Rodrigues Moura da Silva,0,0,7,0,0,0,0,0,0,0,0,435912,2,-6279,3,0,3.0,392,MID,0.0,0.0,0.0,0.0,67,0.023809523809523808,3.166666667,17,0,0,1,0,3
633,Matt Doherty,0,0,30,1,4,0,0,0,0,1,0,1864385,6,-57547,3,0,3.0,457,DEF,2.2,2.1,18.4,0.0,57,0.42857142857142855,3.166666667,17,0,1,0,0,2
634,Moussa Sissoko,0,0,20,0,2,0,0,0,0,0,0,190594,4,-3205,3,0,3.0,385,MID,1.0,0.4,1.0,2.0,48,0.19682539682539682,3.166666667,17,0,0,1,0,3
635,Oliver Skipp,0,0,0,0,0,0,0,0,0,0,0,8539,0,-185,3,0,3.0,404,MID,0.0,0.0,0.0,0.0,44,0.0,3.166666667,17,0,0,1,0,3
636,Paulo Gazzaniga,0,0,0,0,0,0,0,0,0,0,0,89835,0,-1319,3,0,3.0,393,GK,0.0,0.0,0.0,0.0,43,0.0,3.166666667,17,1,0,0,0,1
637,Pierre-Emile HÃ¸jbjerg,1,0,85,1,6,1,0,0,0,0,0,352492,17,-12388,3,2,3.0,396,MID,2.0,1.3,11.2,0.0,49,0.7142857142857143,3.166666667,17,0,0,1,0,3
638,Ryan Sessegnon,0,0,0,0,0,0,0,0,0,0,0,28198,0,-254,3,0,3.0,399,DEF,0.0,0.0,0.0,0.0,47,0.0,3.166666667,17,0,1,0,0,2
639,Serge Aurier,0,0,48,0,3,1,0,0,0,0,0,810013,11,-35018,3,0,3.0,389,DEF,0.0,0.0,0.0,0.0,52,0.35714285714285715,3.166666667,17,0,1,0,0,2
640,Sergio ReguilÃ³n,1,3,59,1,2,0,0,0,0,0,0,2437111,16,-103983,3,0,3.0,542,DEF,2.7,3.2,4.0,25.0,57,0.38412698412698415,3.166666667,17,0,1,0,0,2
641,Steven Bergwijn,3,0,41,1,5,0,0,0,0,0,0,160396,16,-1718,3,1,3.0,400,MID,0.8,0.1,0.4,0.0,70,0.4492063492063492,3.166666667,17,0,0,1,0,3
642,Tanguy Ndombele,0,5,104,2,5,2,0,0,0,0,0,212192,27,10199,3,0,3.0,405,MID,25.9,7.8,45.2,7.0,59,0.6444444444444445,3.166666667,17,0,0,1,0,3
643,Toby Alderweireld,0,1,31,1,0,1,0,0,0,0,0,782625,13,7856,3,0,3.0,386,DEF,0.0,0.0,0.0,0.0,54,0.14285714285714285,3.166666667,17,0,1,0,0,2
